INFO - 2026-01-22 08:32:36 --> Session: Class initialized using 'CodeIgniter\Session\Handlers\FileHandler' driver.
INFO - 2026-01-22 08:32:54 --> Session: Class initialized using 'CodeIgniter\Session\Handlers\FileHandler' driver.
CRITICAL - 2026-01-22 08:33:02 --> ErrorException: Undefined array key "pistaId"
in APPPATH\Controllers\Reservas.php on line 17.
 1 APPPATH\Controllers\Reservas.php(17): CodeIgniter\Debug\Exceptions->errorHandler(2, 'Undefined array key "pistaId"', 'C:\\Proyectos\\reservalo2.0\\app\\Controllers\\Reservas.php', 17)
 2 SYSTEMPATH\CodeIgniter.php(941): App\Controllers\Reservas->getInfoPistasReserva()
 3 SYSTEMPATH\CodeIgniter.php(502): CodeIgniter\CodeIgniter->runController(Object(App\Controllers\Reservas))
 4 SYSTEMPATH\CodeIgniter.php(361): CodeIgniter\CodeIgniter->handleRequest(null, Object(Config\Cache), false)
 5 FCPATH\index.php(79): CodeIgniter\CodeIgniter->run()
INFO - 2026-01-22 08:37:39 --> Session: Class initialized using 'CodeIgniter\Session\Handlers\FileHandler' driver.
CRITICAL - 2026-01-22 08:37:43 --> ErrorException: Undefined array key "pistaId"
in APPPATH\Controllers\Reservas.php on line 17.
 1 APPPATH\Controllers\Reservas.php(17): CodeIgniter\Debug\Exceptions->errorHandler(2, 'Undefined array key "pistaId"', 'C:\\Proyectos\\reservalo2.0\\app\\Controllers\\Reservas.php', 17)
 2 SYSTEMPATH\CodeIgniter.php(941): App\Controllers\Reservas->getInfoPistasReserva()
 3 SYSTEMPATH\CodeIgniter.php(502): CodeIgniter\CodeIgniter->runController(Object(App\Controllers\Reservas))
 4 SYSTEMPATH\CodeIgniter.php(361): CodeIgniter\CodeIgniter->handleRequest(null, Object(Config\Cache), false)
 5 FCPATH\index.php(79): CodeIgniter\CodeIgniter->run()
INFO - 2026-01-22 08:40:20 --> Session: Class initialized using 'CodeIgniter\Session\Handlers\FileHandler' driver.
CRITICAL - 2026-01-22 08:40:23 --> ErrorException: Undefined array key "pistaId"
in APPPATH\Controllers\Reservas.php on line 17.
 1 APPPATH\Controllers\Reservas.php(17): CodeIgniter\Debug\Exceptions->errorHandler(2, 'Undefined array key "pistaId"', 'C:\\Proyectos\\reservalo2.0\\app\\Controllers\\Reservas.php', 17)
 2 SYSTEMPATH\CodeIgniter.php(941): App\Controllers\Reservas->getInfoPistasReserva()
 3 SYSTEMPATH\CodeIgniter.php(502): CodeIgniter\CodeIgniter->runController(Object(App\Controllers\Reservas))
 4 SYSTEMPATH\CodeIgniter.php(361): CodeIgniter\CodeIgniter->handleRequest(null, Object(Config\Cache), false)
 5 FCPATH\index.php(79): CodeIgniter\CodeIgniter->run()
CRITICAL - 2026-01-22 08:40:27 --> ErrorException: Undefined array key "pistaId"
in APPPATH\Controllers\Reservas.php on line 17.
 1 APPPATH\Controllers\Reservas.php(17): CodeIgniter\Debug\Exceptions->errorHandler(2, 'Undefined array key "pistaId"', 'C:\\Proyectos\\reservalo2.0\\app\\Controllers\\Reservas.php', 17)
 2 SYSTEMPATH\CodeIgniter.php(941): App\Controllers\Reservas->getInfoPistasReserva()
 3 SYSTEMPATH\CodeIgniter.php(502): CodeIgniter\CodeIgniter->runController(Object(App\Controllers\Reservas))
 4 SYSTEMPATH\CodeIgniter.php(361): CodeIgniter\CodeIgniter->handleRequest(null, Object(Config\Cache), false)
 5 FCPATH\index.php(79): CodeIgniter\CodeIgniter->run()
INFO - 2026-01-22 08:41:26 --> Session: Class initialized using 'CodeIgniter\Session\Handlers\FileHandler' driver.
INFO - 2026-01-22 08:41:56 --> Session: Class initialized using 'CodeIgniter\Session\Handlers\FileHandler' driver.
INFO - 2026-01-22 08:44:53 --> Session: Class initialized using 'CodeIgniter\Session\Handlers\FileHandler' driver.
INFO - 2026-01-22 08:49:25 --> Session: Class initialized using 'CodeIgniter\Session\Handlers\FileHandler' driver.
INFO - 2026-01-22 08:49:33 --> Session: Class initialized using 'CodeIgniter\Session\Handlers\FileHandler' driver.
INFO - 2026-01-22 08:49:33 --> Session: Class initialized using 'CodeIgniter\Session\Handlers\FileHandler' driver.
INFO - 2026-01-22 08:49:33 --> Session: Class initialized using 'CodeIgniter\Session\Handlers\FileHandler' driver.
INFO - 2026-01-22 08:53:00 --> Session: Class initialized using 'CodeIgniter\Session\Handlers\FileHandler' driver.
INFO - 2026-01-22 08:53:32 --> Session: Class initialized using 'CodeIgniter\Session\Handlers\FileHandler' driver.
INFO - 2026-01-22 09:04:31 --> Session: Class initialized using 'CodeIgniter\Session\Handlers\FileHandler' driver.
INFO - 2026-01-22 09:04:37 --> Session: Class initialized using 'CodeIgniter\Session\Handlers\FileHandler' driver.
INFO - 2026-01-22 09:04:38 --> Session: Class initialized using 'CodeIgniter\Session\Handlers\FileHandler' driver.
INFO - 2026-01-22 09:04:42 --> Session: Class initialized using 'CodeIgniter\Session\Handlers\FileHandler' driver.
INFO - 2026-01-22 09:04:47 --> Session: Class initialized using 'CodeIgniter\Session\Handlers\FileHandler' driver.
INFO - 2026-01-22 09:15:32 --> Session: Class initialized using 'CodeIgniter\Session\Handlers\FileHandler' driver.
INFO - 2026-01-22 09:15:35 --> Session: Class initialized using 'CodeIgniter\Session\Handlers\FileHandler' driver.
INFO - 2026-01-22 09:15:40 --> Session: Class initialized using 'CodeIgniter\Session\Handlers\FileHandler' driver.
CRITICAL - 2026-01-22 09:15:44 --> BadMethodCallException: Call to undefined method App\Models\instalacionesModel::getPistaById
in SYSTEMPATH\Model.php on line 874.
 1 APPPATH\Controllers\Reservas.php(24): CodeIgniter\Model->__call('getPistaById', [...])
 2 SYSTEMPATH\CodeIgniter.php(941): App\Controllers\Reservas->getInfoPistasReserva()
 3 SYSTEMPATH\CodeIgniter.php(502): CodeIgniter\CodeIgniter->runController(Object(App\Controllers\Reservas))
 4 SYSTEMPATH\CodeIgniter.php(361): CodeIgniter\CodeIgniter->handleRequest(null, Object(Config\Cache), false)
 5 FCPATH\index.php(79): CodeIgniter\CodeIgniter->run()
CRITICAL - 2026-01-22 09:16:44 --> BadMethodCallException: Call to undefined method App\Models\instalacionesModel::getPistaById
in SYSTEMPATH\Model.php on line 874.
 1 APPPATH\Controllers\Reservas.php(24): CodeIgniter\Model->__call('getPistaById', [...])
 2 SYSTEMPATH\CodeIgniter.php(941): App\Controllers\Reservas->getInfoPistasReserva()
 3 SYSTEMPATH\CodeIgniter.php(502): CodeIgniter\CodeIgniter->runController(Object(App\Controllers\Reservas))
 4 SYSTEMPATH\CodeIgniter.php(361): CodeIgniter\CodeIgniter->handleRequest(null, Object(Config\Cache), false)
 5 FCPATH\index.php(79): CodeIgniter\CodeIgniter->run()
INFO - 2026-01-22 09:17:09 --> Session: Class initialized using 'CodeIgniter\Session\Handlers\FileHandler' driver.
INFO - 2026-01-22 09:17:41 --> Session: Class initialized using 'CodeIgniter\Session\Handlers\FileHandler' driver.
INFO - 2026-01-22 09:18:43 --> Session: Class initialized using 'CodeIgniter\Session\Handlers\FileHandler' driver.
INFO - 2026-01-22 09:20:10 --> Session: Class initialized using 'CodeIgniter\Session\Handlers\FileHandler' driver.
INFO - 2026-01-22 09:21:30 --> Session: Class initialized using 'CodeIgniter\Session\Handlers\FileHandler' driver.
INFO - 2026-01-22 09:24:12 --> Session: Class initialized using 'CodeIgniter\Session\Handlers\FileHandler' driver.
INFO - 2026-01-22 09:29:39 --> Session: Class initialized using 'CodeIgniter\Session\Handlers\FileHandler' driver.
INFO - 2026-01-22 09:30:41 --> Session: Class initialized using 'CodeIgniter\Session\Handlers\FileHandler' driver.
INFO - 2026-01-22 09:30:58 --> Session: Class initialized using 'CodeIgniter\Session\Handlers\FileHandler' driver.
INFO - 2026-01-22 09:33:04 --> Session: Class initialized using 'CodeIgniter\Session\Handlers\FileHandler' driver.
INFO - 2026-01-22 09:37:33 --> Session: Class initialized using 'CodeIgniter\Session\Handlers\FileHandler' driver.
INFO - 2026-01-22 09:39:31 --> Session: Class initialized using 'CodeIgniter\Session\Handlers\FileHandler' driver.
INFO - 2026-01-22 09:40:31 --> Session: Class initialized using 'CodeIgniter\Session\Handlers\FileHandler' driver.
INFO - 2026-01-22 09:40:54 --> Session: Class initialized using 'CodeIgniter\Session\Handlers\FileHandler' driver.
INFO - 2026-01-22 09:41:23 --> Session: Class initialized using 'CodeIgniter\Session\Handlers\FileHandler' driver.
INFO - 2026-01-22 09:44:46 --> Session: Class initialized using 'CodeIgniter\Session\Handlers\FileHandler' driver.
INFO - 2026-01-22 09:46:16 --> Session: Class initialized using 'CodeIgniter\Session\Handlers\FileHandler' driver.
INFO - 2026-01-22 09:46:46 --> Session: Class initialized using 'CodeIgniter\Session\Handlers\FileHandler' driver.
INFO - 2026-01-22 09:46:50 --> Session: Class initialized using 'CodeIgniter\Session\Handlers\FileHandler' driver.
INFO - 2026-01-22 09:47:08 --> Session: Class initialized using 'CodeIgniter\Session\Handlers\FileHandler' driver.
INFO - 2026-01-22 09:58:56 --> Session: Class initialized using 'CodeIgniter\Session\Handlers\FileHandler' driver.
INFO - 2026-01-22 10:01:48 --> Session: Class initialized using 'CodeIgniter\Session\Handlers\FileHandler' driver.
INFO - 2026-01-22 10:04:07 --> Session: Class initialized using 'CodeIgniter\Session\Handlers\FileHandler' driver.
INFO - 2026-01-22 10:04:43 --> Session: Class initialized using 'CodeIgniter\Session\Handlers\FileHandler' driver.
INFO - 2026-01-22 10:05:01 --> Session: Class initialized using 'CodeIgniter\Session\Handlers\FileHandler' driver.
INFO - 2026-01-22 10:05:18 --> Session: Class initialized using 'CodeIgniter\Session\Handlers\FileHandler' driver.
INFO - 2026-01-22 10:06:30 --> Session: Class initialized using 'CodeIgniter\Session\Handlers\FileHandler' driver.
INFO - 2026-01-22 10:06:33 --> Session: Class initialized using 'CodeIgniter\Session\Handlers\FileHandler' driver.
INFO - 2026-01-22 10:06:37 --> Session: Class initialized using 'CodeIgniter\Session\Handlers\FileHandler' driver.
INFO - 2026-01-22 10:06:54 --> Session: Class initialized using 'CodeIgniter\Session\Handlers\FileHandler' driver.
INFO - 2026-01-22 10:08:03 --> Session: Class initialized using 'CodeIgniter\Session\Handlers\FileHandler' driver.
INFO - 2026-01-22 10:08:09 --> Session: Class initialized using 'CodeIgniter\Session\Handlers\FileHandler' driver.
INFO - 2026-01-22 10:09:32 --> Session: Class initialized using 'CodeIgniter\Session\Handlers\FileHandler' driver.
INFO - 2026-01-22 10:10:42 --> Session: Class initialized using 'CodeIgniter\Session\Handlers\FileHandler' driver.
INFO - 2026-01-22 10:10:50 --> Session: Class initialized using 'CodeIgniter\Session\Handlers\FileHandler' driver.
INFO - 2026-01-22 10:46:36 --> Session: Class initialized using 'CodeIgniter\Session\Handlers\FileHandler' driver.
INFO - 2026-01-22 10:46:41 --> Session: Class initialized using 'CodeIgniter\Session\Handlers\FileHandler' driver.
INFO - 2026-01-22 10:46:45 --> Session: Class initialized using 'CodeIgniter\Session\Handlers\FileHandler' driver.
ERROR - 2026-01-22 10:46:49 --> mysqli_sql_exception: Table 'reservalo2.franja_dias' doesn't exist in C:\Proyectos\reservalo2.0\system\Database\MySQLi\Connection.php:306
Stack trace:
#0 C:\Proyectos\reservalo2.0\system\Database\MySQLi\Connection.php(306): mysqli->query('SELECT DISTINCT...', 0)
#1 C:\Proyectos\reservalo2.0\system\Database\BaseConnection.php(693): CodeIgniter\Database\MySQLi\Connection->execute('SELECT DISTINCT...')
#2 C:\Proyectos\reservalo2.0\system\Database\BaseConnection.php(607): CodeIgniter\Database\BaseConnection->simpleQuery('SELECT DISTINCT...')
#3 C:\Proyectos\reservalo2.0\system\Database\BaseBuilder.php(1616): CodeIgniter\Database\BaseConnection->query('SELECT DISTINCT...', Array, false)
#4 C:\Proyectos\reservalo2.0\app\Models\reservasModel.php(106): CodeIgniter\Database\BaseBuilder->get()
#5 C:\Proyectos\reservalo2.0\app\Controllers\Reservas.php(21): App\Models\reservasModel->getInfoPista(89, '2026-01-22')
#6 C:\Proyectos\reservalo2.0\system\CodeIgniter.php(941): App\Controllers\Reservas->getInfoPistasReserva()
#7 C:\Proyectos\reservalo2.0\system\CodeIgniter.php(502): CodeIgniter\CodeIgniter->runController(Object(App\Controllers\Reservas))
#8 C:\Proyectos\reservalo2.0\system\CodeIgniter.php(361): CodeIgniter\CodeIgniter->handleRequest(NULL, Object(Config\Cache), false)
#9 C:\Proyectos\reservalo2.0\index.php(79): CodeIgniter\CodeIgniter->run()
#10 {main}
CRITICAL - 2026-01-22 10:46:49 --> CodeIgniter\Database\Exceptions\DatabaseException: Table 'reservalo2.franja_dias' doesn't exist
in SYSTEMPATH\Database\BaseConnection.php on line 647.
 1 SYSTEMPATH\Database\BaseBuilder.php(1616): CodeIgniter\Database\BaseConnection->query('SELECT DISTINCT `pistas`.*, `franjas_horarias`.`hora_inicio_manana`, `franjas_horarias`.`hora_fin_manana`, `franjas_horarias`.`hora_inicio_tarde`, `franjas_horarias`.`hora_fin_tarde`, `tipo_horario`.`sin_fecha`
FROM `pistas`
INNER JOIN `instalaciones` ON `instalaciones`.`id_instalacion` = `pistas`.`id_instalacion`
INNER JOIN `franjas_horarias` ON `franjas_horarias`.`id_instalacion` = `instalaciones`.`id_instalacion`
INNER JOIN `tipo_horario` ON `tipo_horario`.`id_tipo_horario` = `franjas_horarias`.`id_tipo_horario`
LEFT JOIN `excepciones_horario` ON \'2026-01-22\' BETWEEN `excepciones_horario`.`fecha_inicio` AND `excepciones_horario`.`fecha_fin` AND `excepciones_horario`.`id_tipo_horario_base` = `tipo_horario`.`id_tipo_horario`
LEFT JOIN `tipo_horario` AS `tipo_horario_excepcion` ON `tipo_horario_excepcion`.`id_tipo_horario` = `excepciones_horario`.`id_tipo_horario_excepcion`
INNER JOIN `franja_dias` ON `franja_dias`.`id_franja_horaria` = `franjas_horarias`.`id_franja_horaria`
WHERE (
    (tipo_horario.sin_fecha = 0 
     AND `tipo_horario`.`fecha_inicio` <= \'2026-01-22\' 
     AND `tipo_horario`.`fecha_fin` >= \'2026-01-22\')
    OR 
    (`tipo_horario`.`sin_fecha` = 1 
     AND `excepciones_horario`.`id_excepciones_horario` IS NOT NULL
     AND `tipo_horario_excepcion`.`fecha_inicio` <= \'2026-01-22\'
     AND tipo_horario_excepcion.fecha_fin >= \'2026-01-22\')
)
AND `pistas`.`id_pista` = :pistas.id_pista:
AND `franja_dias`.`dia_semana` = :franja_dias.dia_semana:', [...], false)
 2 APPPATH\Models\reservasModel.php(106): CodeIgniter\Database\BaseBuilder->get()
 3 APPPATH\Controllers\Reservas.php(21): App\Models\reservasModel->getInfoPista(89, '2026-01-22')
 4 SYSTEMPATH\CodeIgniter.php(941): App\Controllers\Reservas->getInfoPistasReserva()
 5 SYSTEMPATH\CodeIgniter.php(502): CodeIgniter\CodeIgniter->runController(Object(App\Controllers\Reservas))
 6 SYSTEMPATH\CodeIgniter.php(361): CodeIgniter\CodeIgniter->handleRequest(null, Object(Config\Cache), false)
 7 FCPATH\index.php(79): CodeIgniter\CodeIgniter->run()
CRITICAL - 2026-01-22 10:46:49 --> [Caused by] CodeIgniter\Database\Exceptions\DatabaseException: Table 'reservalo2.franja_dias' doesn't exist
in SYSTEMPATH\Database\MySQLi\Connection.php on line 311.
 1 SYSTEMPATH\Database\BaseConnection.php(693): CodeIgniter\Database\MySQLi\Connection->execute('SELECT DISTINCT `pistas`.*, `franjas_horarias`.`hora_inicio_manana`, `franjas_horarias`.`hora_fin_manana`, `franjas_horarias`.`hora_inicio_tarde`, `franjas_horarias`.`hora_fin_tarde`, `tipo_horario`.`sin_fecha`
FROM `pistas`
INNER JOIN `instalaciones` ON `instalaciones`.`id_instalacion` = `pistas`.`id_instalacion`
INNER JOIN `franjas_horarias` ON `franjas_horarias`.`id_instalacion` = `instalaciones`.`id_instalacion`
INNER JOIN `tipo_horario` ON `tipo_horario`.`id_tipo_horario` = `franjas_horarias`.`id_tipo_horario`
LEFT JOIN `excepciones_horario` ON \'2026-01-22\' BETWEEN `excepciones_horario`.`fecha_inicio` AND `excepciones_horario`.`fecha_fin` AND `excepciones_horario`.`id_tipo_horario_base` = `tipo_horario`.`id_tipo_horario`
LEFT JOIN `tipo_horario` AS `tipo_horario_excepcion` ON `tipo_horario_excepcion`.`id_tipo_horario` = `excepciones_horario`.`id_tipo_horario_excepcion`
INNER JOIN `franja_dias` ON `franja_dias`.`id_franja_horaria` = `franjas_horarias`.`id_franja_horaria`
WHERE (
    (tipo_horario.sin_fecha = 0 
     AND `tipo_horario`.`fecha_inicio` <= \'2026-01-22\' 
     AND `tipo_horario`.`fecha_fin` >= \'2026-01-22\')
    OR 
    (`tipo_horario`.`sin_fecha` = 1 
     AND `excepciones_horario`.`id_excepciones_horario` IS NOT NULL
     AND `tipo_horario_excepcion`.`fecha_inicio` <= \'2026-01-22\'
     AND tipo_horario_excepcion.fecha_fin >= \'2026-01-22\')
)
AND `pistas`.`id_pista` = 89
AND `franja_dias`.`dia_semana` = \'4\'')
 2 SYSTEMPATH\Database\BaseConnection.php(607): CodeIgniter\Database\BaseConnection->simpleQuery('SELECT DISTINCT `pistas`.*, `franjas_horarias`.`hora_inicio_manana`, `franjas_horarias`.`hora_fin_manana`, `franjas_horarias`.`hora_inicio_tarde`, `franjas_horarias`.`hora_fin_tarde`, `tipo_horario`.`sin_fecha`
FROM `pistas`
INNER JOIN `instalaciones` ON `instalaciones`.`id_instalacion` = `pistas`.`id_instalacion`
INNER JOIN `franjas_horarias` ON `franjas_horarias`.`id_instalacion` = `instalaciones`.`id_instalacion`
INNER JOIN `tipo_horario` ON `tipo_horario`.`id_tipo_horario` = `franjas_horarias`.`id_tipo_horario`
LEFT JOIN `excepciones_horario` ON \'2026-01-22\' BETWEEN `excepciones_horario`.`fecha_inicio` AND `excepciones_horario`.`fecha_fin` AND `excepciones_horario`.`id_tipo_horario_base` = `tipo_horario`.`id_tipo_horario`
LEFT JOIN `tipo_horario` AS `tipo_horario_excepcion` ON `tipo_horario_excepcion`.`id_tipo_horario` = `excepciones_horario`.`id_tipo_horario_excepcion`
INNER JOIN `franja_dias` ON `franja_dias`.`id_franja_horaria` = `franjas_horarias`.`id_franja_horaria`
WHERE (
    (tipo_horario.sin_fecha = 0 
     AND `tipo_horario`.`fecha_inicio` <= \'2026-01-22\' 
     AND `tipo_horario`.`fecha_fin` >= \'2026-01-22\')
    OR 
    (`tipo_horario`.`sin_fecha` = 1 
     AND `excepciones_horario`.`id_excepciones_horario` IS NOT NULL
     AND `tipo_horario_excepcion`.`fecha_inicio` <= \'2026-01-22\'
     AND tipo_horario_excepcion.fecha_fin >= \'2026-01-22\')
)
AND `pistas`.`id_pista` = 89
AND `franja_dias`.`dia_semana` = \'4\'')
 3 SYSTEMPATH\Database\BaseBuilder.php(1616): CodeIgniter\Database\BaseConnection->query('SELECT DISTINCT `pistas`.*, `franjas_horarias`.`hora_inicio_manana`, `franjas_horarias`.`hora_fin_manana`, `franjas_horarias`.`hora_inicio_tarde`, `franjas_horarias`.`hora_fin_tarde`, `tipo_horario`.`sin_fecha`
FROM `pistas`
INNER JOIN `instalaciones` ON `instalaciones`.`id_instalacion` = `pistas`.`id_instalacion`
INNER JOIN `franjas_horarias` ON `franjas_horarias`.`id_instalacion` = `instalaciones`.`id_instalacion`
INNER JOIN `tipo_horario` ON `tipo_horario`.`id_tipo_horario` = `franjas_horarias`.`id_tipo_horario`
LEFT JOIN `excepciones_horario` ON \'2026-01-22\' BETWEEN `excepciones_horario`.`fecha_inicio` AND `excepciones_horario`.`fecha_fin` AND `excepciones_horario`.`id_tipo_horario_base` = `tipo_horario`.`id_tipo_horario`
LEFT JOIN `tipo_horario` AS `tipo_horario_excepcion` ON `tipo_horario_excepcion`.`id_tipo_horario` = `excepciones_horario`.`id_tipo_horario_excepcion`
INNER JOIN `franja_dias` ON `franja_dias`.`id_franja_horaria` = `franjas_horarias`.`id_franja_horaria`
WHERE (
    (tipo_horario.sin_fecha = 0 
     AND `tipo_horario`.`fecha_inicio` <= \'2026-01-22\' 
     AND `tipo_horario`.`fecha_fin` >= \'2026-01-22\')
    OR 
    (`tipo_horario`.`sin_fecha` = 1 
     AND `excepciones_horario`.`id_excepciones_horario` IS NOT NULL
     AND `tipo_horario_excepcion`.`fecha_inicio` <= \'2026-01-22\'
     AND tipo_horario_excepcion.fecha_fin >= \'2026-01-22\')
)
AND `pistas`.`id_pista` = :pistas.id_pista:
AND `franja_dias`.`dia_semana` = :franja_dias.dia_semana:', [...], false)
 4 APPPATH\Models\reservasModel.php(106): CodeIgniter\Database\BaseBuilder->get()
 5 APPPATH\Controllers\Reservas.php(21): App\Models\reservasModel->getInfoPista(89, '2026-01-22')
 6 SYSTEMPATH\CodeIgniter.php(941): App\Controllers\Reservas->getInfoPistasReserva()
 7 SYSTEMPATH\CodeIgniter.php(502): CodeIgniter\CodeIgniter->runController(Object(App\Controllers\Reservas))
 8 SYSTEMPATH\CodeIgniter.php(361): CodeIgniter\CodeIgniter->handleRequest(null, Object(Config\Cache), false)
 9 FCPATH\index.php(79): CodeIgniter\CodeIgniter->run()
CRITICAL - 2026-01-22 10:46:49 --> [Caused by] mysqli_sql_exception: Table 'reservalo2.franja_dias' doesn't exist
in SYSTEMPATH\Database\MySQLi\Connection.php on line 306.
 1 SYSTEMPATH\Database\MySQLi\Connection.php(306): mysqli->query('SELECT DISTINCT `pistas`.*, `franjas_horarias`.`hora_inicio_manana`, `franjas_horarias`.`hora_fin_manana`, `franjas_horarias`.`hora_inicio_tarde`, `franjas_horarias`.`hora_fin_tarde`, `tipo_horario`.`sin_fecha`
FROM `pistas`
INNER JOIN `instalaciones` ON `instalaciones`.`id_instalacion` = `pistas`.`id_instalacion`
INNER JOIN `franjas_horarias` ON `franjas_horarias`.`id_instalacion` = `instalaciones`.`id_instalacion`
INNER JOIN `tipo_horario` ON `tipo_horario`.`id_tipo_horario` = `franjas_horarias`.`id_tipo_horario`
LEFT JOIN `excepciones_horario` ON \'2026-01-22\' BETWEEN `excepciones_horario`.`fecha_inicio` AND `excepciones_horario`.`fecha_fin` AND `excepciones_horario`.`id_tipo_horario_base` = `tipo_horario`.`id_tipo_horario`
LEFT JOIN `tipo_horario` AS `tipo_horario_excepcion` ON `tipo_horario_excepcion`.`id_tipo_horario` = `excepciones_horario`.`id_tipo_horario_excepcion`
INNER JOIN `franja_dias` ON `franja_dias`.`id_franja_horaria` = `franjas_horarias`.`id_franja_horaria`
WHERE (
    (tipo_horario.sin_fecha = 0 
     AND `tipo_horario`.`fecha_inicio` <= \'2026-01-22\' 
     AND `tipo_horario`.`fecha_fin` >= \'2026-01-22\')
    OR 
    (`tipo_horario`.`sin_fecha` = 1 
     AND `excepciones_horario`.`id_excepciones_horario` IS NOT NULL
     AND `tipo_horario_excepcion`.`fecha_inicio` <= \'2026-01-22\'
     AND tipo_horario_excepcion.fecha_fin >= \'2026-01-22\')
)
AND `pistas`.`id_pista` = 89
AND `franja_dias`.`dia_semana` = \'4\'', 0)
 2 SYSTEMPATH\Database\BaseConnection.php(693): CodeIgniter\Database\MySQLi\Connection->execute('SELECT DISTINCT `pistas`.*, `franjas_horarias`.`hora_inicio_manana`, `franjas_horarias`.`hora_fin_manana`, `franjas_horarias`.`hora_inicio_tarde`, `franjas_horarias`.`hora_fin_tarde`, `tipo_horario`.`sin_fecha`
FROM `pistas`
INNER JOIN `instalaciones` ON `instalaciones`.`id_instalacion` = `pistas`.`id_instalacion`
INNER JOIN `franjas_horarias` ON `franjas_horarias`.`id_instalacion` = `instalaciones`.`id_instalacion`
INNER JOIN `tipo_horario` ON `tipo_horario`.`id_tipo_horario` = `franjas_horarias`.`id_tipo_horario`
LEFT JOIN `excepciones_horario` ON \'2026-01-22\' BETWEEN `excepciones_horario`.`fecha_inicio` AND `excepciones_horario`.`fecha_fin` AND `excepciones_horario`.`id_tipo_horario_base` = `tipo_horario`.`id_tipo_horario`
LEFT JOIN `tipo_horario` AS `tipo_horario_excepcion` ON `tipo_horario_excepcion`.`id_tipo_horario` = `excepciones_horario`.`id_tipo_horario_excepcion`
INNER JOIN `franja_dias` ON `franja_dias`.`id_franja_horaria` = `franjas_horarias`.`id_franja_horaria`
WHERE (
    (tipo_horario.sin_fecha = 0 
     AND `tipo_horario`.`fecha_inicio` <= \'2026-01-22\' 
     AND `tipo_horario`.`fecha_fin` >= \'2026-01-22\')
    OR 
    (`tipo_horario`.`sin_fecha` = 1 
     AND `excepciones_horario`.`id_excepciones_horario` IS NOT NULL
     AND `tipo_horario_excepcion`.`fecha_inicio` <= \'2026-01-22\'
     AND tipo_horario_excepcion.fecha_fin >= \'2026-01-22\')
)
AND `pistas`.`id_pista` = 89
AND `franja_dias`.`dia_semana` = \'4\'')
 3 SYSTEMPATH\Database\BaseConnection.php(607): CodeIgniter\Database\BaseConnection->simpleQuery('SELECT DISTINCT `pistas`.*, `franjas_horarias`.`hora_inicio_manana`, `franjas_horarias`.`hora_fin_manana`, `franjas_horarias`.`hora_inicio_tarde`, `franjas_horarias`.`hora_fin_tarde`, `tipo_horario`.`sin_fecha`
FROM `pistas`
INNER JOIN `instalaciones` ON `instalaciones`.`id_instalacion` = `pistas`.`id_instalacion`
INNER JOIN `franjas_horarias` ON `franjas_horarias`.`id_instalacion` = `instalaciones`.`id_instalacion`
INNER JOIN `tipo_horario` ON `tipo_horario`.`id_tipo_horario` = `franjas_horarias`.`id_tipo_horario`
LEFT JOIN `excepciones_horario` ON \'2026-01-22\' BETWEEN `excepciones_horario`.`fecha_inicio` AND `excepciones_horario`.`fecha_fin` AND `excepciones_horario`.`id_tipo_horario_base` = `tipo_horario`.`id_tipo_horario`
LEFT JOIN `tipo_horario` AS `tipo_horario_excepcion` ON `tipo_horario_excepcion`.`id_tipo_horario` = `excepciones_horario`.`id_tipo_horario_excepcion`
INNER JOIN `franja_dias` ON `franja_dias`.`id_franja_horaria` = `franjas_horarias`.`id_franja_horaria`
WHERE (
    (tipo_horario.sin_fecha = 0 
     AND `tipo_horario`.`fecha_inicio` <= \'2026-01-22\' 
     AND `tipo_horario`.`fecha_fin` >= \'2026-01-22\')
    OR 
    (`tipo_horario`.`sin_fecha` = 1 
     AND `excepciones_horario`.`id_excepciones_horario` IS NOT NULL
     AND `tipo_horario_excepcion`.`fecha_inicio` <= \'2026-01-22\'
     AND tipo_horario_excepcion.fecha_fin >= \'2026-01-22\')
)
AND `pistas`.`id_pista` = 89
AND `franja_dias`.`dia_semana` = \'4\'')
 4 SYSTEMPATH\Database\BaseBuilder.php(1616): CodeIgniter\Database\BaseConnection->query('SELECT DISTINCT `pistas`.*, `franjas_horarias`.`hora_inicio_manana`, `franjas_horarias`.`hora_fin_manana`, `franjas_horarias`.`hora_inicio_tarde`, `franjas_horarias`.`hora_fin_tarde`, `tipo_horario`.`sin_fecha`
FROM `pistas`
INNER JOIN `instalaciones` ON `instalaciones`.`id_instalacion` = `pistas`.`id_instalacion`
INNER JOIN `franjas_horarias` ON `franjas_horarias`.`id_instalacion` = `instalaciones`.`id_instalacion`
INNER JOIN `tipo_horario` ON `tipo_horario`.`id_tipo_horario` = `franjas_horarias`.`id_tipo_horario`
LEFT JOIN `excepciones_horario` ON \'2026-01-22\' BETWEEN `excepciones_horario`.`fecha_inicio` AND `excepciones_horario`.`fecha_fin` AND `excepciones_horario`.`id_tipo_horario_base` = `tipo_horario`.`id_tipo_horario`
LEFT JOIN `tipo_horario` AS `tipo_horario_excepcion` ON `tipo_horario_excepcion`.`id_tipo_horario` = `excepciones_horario`.`id_tipo_horario_excepcion`
INNER JOIN `franja_dias` ON `franja_dias`.`id_franja_horaria` = `franjas_horarias`.`id_franja_horaria`
WHERE (
    (tipo_horario.sin_fecha = 0 
     AND `tipo_horario`.`fecha_inicio` <= \'2026-01-22\' 
     AND `tipo_horario`.`fecha_fin` >= \'2026-01-22\')
    OR 
    (`tipo_horario`.`sin_fecha` = 1 
     AND `excepciones_horario`.`id_excepciones_horario` IS NOT NULL
     AND `tipo_horario_excepcion`.`fecha_inicio` <= \'2026-01-22\'
     AND tipo_horario_excepcion.fecha_fin >= \'2026-01-22\')
)
AND `pistas`.`id_pista` = :pistas.id_pista:
AND `franja_dias`.`dia_semana` = :franja_dias.dia_semana:', [...], false)
 5 APPPATH\Models\reservasModel.php(106): CodeIgniter\Database\BaseBuilder->get()
 6 APPPATH\Controllers\Reservas.php(21): App\Models\reservasModel->getInfoPista(89, '2026-01-22')
 7 SYSTEMPATH\CodeIgniter.php(941): App\Controllers\Reservas->getInfoPistasReserva()
 8 SYSTEMPATH\CodeIgniter.php(502): CodeIgniter\CodeIgniter->runController(Object(App\Controllers\Reservas))
 9 SYSTEMPATH\CodeIgniter.php(361): CodeIgniter\CodeIgniter->handleRequest(null, Object(Config\Cache), false)
10 FCPATH\index.php(79): CodeIgniter\CodeIgniter->run()
ERROR - 2026-01-22 10:46:51 --> mysqli_sql_exception: Table 'reservalo2.franja_dias' doesn't exist in C:\Proyectos\reservalo2.0\system\Database\MySQLi\Connection.php:306
Stack trace:
#0 C:\Proyectos\reservalo2.0\system\Database\MySQLi\Connection.php(306): mysqli->query('SELECT DISTINCT...', 0)
#1 C:\Proyectos\reservalo2.0\system\Database\BaseConnection.php(693): CodeIgniter\Database\MySQLi\Connection->execute('SELECT DISTINCT...')
#2 C:\Proyectos\reservalo2.0\system\Database\BaseConnection.php(607): CodeIgniter\Database\BaseConnection->simpleQuery('SELECT DISTINCT...')
#3 C:\Proyectos\reservalo2.0\system\Database\BaseBuilder.php(1616): CodeIgniter\Database\BaseConnection->query('SELECT DISTINCT...', Array, false)
#4 C:\Proyectos\reservalo2.0\app\Models\reservasModel.php(106): CodeIgniter\Database\BaseBuilder->get()
#5 C:\Proyectos\reservalo2.0\app\Controllers\Reservas.php(21): App\Models\reservasModel->getInfoPista(89, '2026-01-22')
#6 C:\Proyectos\reservalo2.0\system\CodeIgniter.php(941): App\Controllers\Reservas->getInfoPistasReserva()
#7 C:\Proyectos\reservalo2.0\system\CodeIgniter.php(502): CodeIgniter\CodeIgniter->runController(Object(App\Controllers\Reservas))
#8 C:\Proyectos\reservalo2.0\system\CodeIgniter.php(361): CodeIgniter\CodeIgniter->handleRequest(NULL, Object(Config\Cache), false)
#9 C:\Proyectos\reservalo2.0\index.php(79): CodeIgniter\CodeIgniter->run()
#10 {main}
CRITICAL - 2026-01-22 10:46:52 --> CodeIgniter\Database\Exceptions\DatabaseException: Table 'reservalo2.franja_dias' doesn't exist
in SYSTEMPATH\Database\BaseConnection.php on line 647.
 1 SYSTEMPATH\Database\BaseBuilder.php(1616): CodeIgniter\Database\BaseConnection->query('SELECT DISTINCT `pistas`.*, `franjas_horarias`.`hora_inicio_manana`, `franjas_horarias`.`hora_fin_manana`, `franjas_horarias`.`hora_inicio_tarde`, `franjas_horarias`.`hora_fin_tarde`, `tipo_horario`.`sin_fecha`
FROM `pistas`
INNER JOIN `instalaciones` ON `instalaciones`.`id_instalacion` = `pistas`.`id_instalacion`
INNER JOIN `franjas_horarias` ON `franjas_horarias`.`id_instalacion` = `instalaciones`.`id_instalacion`
INNER JOIN `tipo_horario` ON `tipo_horario`.`id_tipo_horario` = `franjas_horarias`.`id_tipo_horario`
LEFT JOIN `excepciones_horario` ON \'2026-01-22\' BETWEEN `excepciones_horario`.`fecha_inicio` AND `excepciones_horario`.`fecha_fin` AND `excepciones_horario`.`id_tipo_horario_base` = `tipo_horario`.`id_tipo_horario`
LEFT JOIN `tipo_horario` AS `tipo_horario_excepcion` ON `tipo_horario_excepcion`.`id_tipo_horario` = `excepciones_horario`.`id_tipo_horario_excepcion`
INNER JOIN `franja_dias` ON `franja_dias`.`id_franja_horaria` = `franjas_horarias`.`id_franja_horaria`
WHERE (
    (tipo_horario.sin_fecha = 0 
     AND `tipo_horario`.`fecha_inicio` <= \'2026-01-22\' 
     AND `tipo_horario`.`fecha_fin` >= \'2026-01-22\')
    OR 
    (`tipo_horario`.`sin_fecha` = 1 
     AND `excepciones_horario`.`id_excepciones_horario` IS NOT NULL
     AND `tipo_horario_excepcion`.`fecha_inicio` <= \'2026-01-22\'
     AND tipo_horario_excepcion.fecha_fin >= \'2026-01-22\')
)
AND `pistas`.`id_pista` = :pistas.id_pista:
AND `franja_dias`.`dia_semana` = :franja_dias.dia_semana:', [...], false)
 2 APPPATH\Models\reservasModel.php(106): CodeIgniter\Database\BaseBuilder->get()
 3 APPPATH\Controllers\Reservas.php(21): App\Models\reservasModel->getInfoPista(89, '2026-01-22')
 4 SYSTEMPATH\CodeIgniter.php(941): App\Controllers\Reservas->getInfoPistasReserva()
 5 SYSTEMPATH\CodeIgniter.php(502): CodeIgniter\CodeIgniter->runController(Object(App\Controllers\Reservas))
 6 SYSTEMPATH\CodeIgniter.php(361): CodeIgniter\CodeIgniter->handleRequest(null, Object(Config\Cache), false)
 7 FCPATH\index.php(79): CodeIgniter\CodeIgniter->run()
CRITICAL - 2026-01-22 10:46:52 --> [Caused by] CodeIgniter\Database\Exceptions\DatabaseException: Table 'reservalo2.franja_dias' doesn't exist
in SYSTEMPATH\Database\MySQLi\Connection.php on line 311.
 1 SYSTEMPATH\Database\BaseConnection.php(693): CodeIgniter\Database\MySQLi\Connection->execute('SELECT DISTINCT `pistas`.*, `franjas_horarias`.`hora_inicio_manana`, `franjas_horarias`.`hora_fin_manana`, `franjas_horarias`.`hora_inicio_tarde`, `franjas_horarias`.`hora_fin_tarde`, `tipo_horario`.`sin_fecha`
FROM `pistas`
INNER JOIN `instalaciones` ON `instalaciones`.`id_instalacion` = `pistas`.`id_instalacion`
INNER JOIN `franjas_horarias` ON `franjas_horarias`.`id_instalacion` = `instalaciones`.`id_instalacion`
INNER JOIN `tipo_horario` ON `tipo_horario`.`id_tipo_horario` = `franjas_horarias`.`id_tipo_horario`
LEFT JOIN `excepciones_horario` ON \'2026-01-22\' BETWEEN `excepciones_horario`.`fecha_inicio` AND `excepciones_horario`.`fecha_fin` AND `excepciones_horario`.`id_tipo_horario_base` = `tipo_horario`.`id_tipo_horario`
LEFT JOIN `tipo_horario` AS `tipo_horario_excepcion` ON `tipo_horario_excepcion`.`id_tipo_horario` = `excepciones_horario`.`id_tipo_horario_excepcion`
INNER JOIN `franja_dias` ON `franja_dias`.`id_franja_horaria` = `franjas_horarias`.`id_franja_horaria`
WHERE (
    (tipo_horario.sin_fecha = 0 
     AND `tipo_horario`.`fecha_inicio` <= \'2026-01-22\' 
     AND `tipo_horario`.`fecha_fin` >= \'2026-01-22\')
    OR 
    (`tipo_horario`.`sin_fecha` = 1 
     AND `excepciones_horario`.`id_excepciones_horario` IS NOT NULL
     AND `tipo_horario_excepcion`.`fecha_inicio` <= \'2026-01-22\'
     AND tipo_horario_excepcion.fecha_fin >= \'2026-01-22\')
)
AND `pistas`.`id_pista` = 89
AND `franja_dias`.`dia_semana` = \'4\'')
 2 SYSTEMPATH\Database\BaseConnection.php(607): CodeIgniter\Database\BaseConnection->simpleQuery('SELECT DISTINCT `pistas`.*, `franjas_horarias`.`hora_inicio_manana`, `franjas_horarias`.`hora_fin_manana`, `franjas_horarias`.`hora_inicio_tarde`, `franjas_horarias`.`hora_fin_tarde`, `tipo_horario`.`sin_fecha`
FROM `pistas`
INNER JOIN `instalaciones` ON `instalaciones`.`id_instalacion` = `pistas`.`id_instalacion`
INNER JOIN `franjas_horarias` ON `franjas_horarias`.`id_instalacion` = `instalaciones`.`id_instalacion`
INNER JOIN `tipo_horario` ON `tipo_horario`.`id_tipo_horario` = `franjas_horarias`.`id_tipo_horario`
LEFT JOIN `excepciones_horario` ON \'2026-01-22\' BETWEEN `excepciones_horario`.`fecha_inicio` AND `excepciones_horario`.`fecha_fin` AND `excepciones_horario`.`id_tipo_horario_base` = `tipo_horario`.`id_tipo_horario`
LEFT JOIN `tipo_horario` AS `tipo_horario_excepcion` ON `tipo_horario_excepcion`.`id_tipo_horario` = `excepciones_horario`.`id_tipo_horario_excepcion`
INNER JOIN `franja_dias` ON `franja_dias`.`id_franja_horaria` = `franjas_horarias`.`id_franja_horaria`
WHERE (
    (tipo_horario.sin_fecha = 0 
     AND `tipo_horario`.`fecha_inicio` <= \'2026-01-22\' 
     AND `tipo_horario`.`fecha_fin` >= \'2026-01-22\')
    OR 
    (`tipo_horario`.`sin_fecha` = 1 
     AND `excepciones_horario`.`id_excepciones_horario` IS NOT NULL
     AND `tipo_horario_excepcion`.`fecha_inicio` <= \'2026-01-22\'
     AND tipo_horario_excepcion.fecha_fin >= \'2026-01-22\')
)
AND `pistas`.`id_pista` = 89
AND `franja_dias`.`dia_semana` = \'4\'')
 3 SYSTEMPATH\Database\BaseBuilder.php(1616): CodeIgniter\Database\BaseConnection->query('SELECT DISTINCT `pistas`.*, `franjas_horarias`.`hora_inicio_manana`, `franjas_horarias`.`hora_fin_manana`, `franjas_horarias`.`hora_inicio_tarde`, `franjas_horarias`.`hora_fin_tarde`, `tipo_horario`.`sin_fecha`
FROM `pistas`
INNER JOIN `instalaciones` ON `instalaciones`.`id_instalacion` = `pistas`.`id_instalacion`
INNER JOIN `franjas_horarias` ON `franjas_horarias`.`id_instalacion` = `instalaciones`.`id_instalacion`
INNER JOIN `tipo_horario` ON `tipo_horario`.`id_tipo_horario` = `franjas_horarias`.`id_tipo_horario`
LEFT JOIN `excepciones_horario` ON \'2026-01-22\' BETWEEN `excepciones_horario`.`fecha_inicio` AND `excepciones_horario`.`fecha_fin` AND `excepciones_horario`.`id_tipo_horario_base` = `tipo_horario`.`id_tipo_horario`
LEFT JOIN `tipo_horario` AS `tipo_horario_excepcion` ON `tipo_horario_excepcion`.`id_tipo_horario` = `excepciones_horario`.`id_tipo_horario_excepcion`
INNER JOIN `franja_dias` ON `franja_dias`.`id_franja_horaria` = `franjas_horarias`.`id_franja_horaria`
WHERE (
    (tipo_horario.sin_fecha = 0 
     AND `tipo_horario`.`fecha_inicio` <= \'2026-01-22\' 
     AND `tipo_horario`.`fecha_fin` >= \'2026-01-22\')
    OR 
    (`tipo_horario`.`sin_fecha` = 1 
     AND `excepciones_horario`.`id_excepciones_horario` IS NOT NULL
     AND `tipo_horario_excepcion`.`fecha_inicio` <= \'2026-01-22\'
     AND tipo_horario_excepcion.fecha_fin >= \'2026-01-22\')
)
AND `pistas`.`id_pista` = :pistas.id_pista:
AND `franja_dias`.`dia_semana` = :franja_dias.dia_semana:', [...], false)
 4 APPPATH\Models\reservasModel.php(106): CodeIgniter\Database\BaseBuilder->get()
 5 APPPATH\Controllers\Reservas.php(21): App\Models\reservasModel->getInfoPista(89, '2026-01-22')
 6 SYSTEMPATH\CodeIgniter.php(941): App\Controllers\Reservas->getInfoPistasReserva()
 7 SYSTEMPATH\CodeIgniter.php(502): CodeIgniter\CodeIgniter->runController(Object(App\Controllers\Reservas))
 8 SYSTEMPATH\CodeIgniter.php(361): CodeIgniter\CodeIgniter->handleRequest(null, Object(Config\Cache), false)
 9 FCPATH\index.php(79): CodeIgniter\CodeIgniter->run()
CRITICAL - 2026-01-22 10:46:52 --> [Caused by] mysqli_sql_exception: Table 'reservalo2.franja_dias' doesn't exist
in SYSTEMPATH\Database\MySQLi\Connection.php on line 306.
 1 SYSTEMPATH\Database\MySQLi\Connection.php(306): mysqli->query('SELECT DISTINCT `pistas`.*, `franjas_horarias`.`hora_inicio_manana`, `franjas_horarias`.`hora_fin_manana`, `franjas_horarias`.`hora_inicio_tarde`, `franjas_horarias`.`hora_fin_tarde`, `tipo_horario`.`sin_fecha`
FROM `pistas`
INNER JOIN `instalaciones` ON `instalaciones`.`id_instalacion` = `pistas`.`id_instalacion`
INNER JOIN `franjas_horarias` ON `franjas_horarias`.`id_instalacion` = `instalaciones`.`id_instalacion`
INNER JOIN `tipo_horario` ON `tipo_horario`.`id_tipo_horario` = `franjas_horarias`.`id_tipo_horario`
LEFT JOIN `excepciones_horario` ON \'2026-01-22\' BETWEEN `excepciones_horario`.`fecha_inicio` AND `excepciones_horario`.`fecha_fin` AND `excepciones_horario`.`id_tipo_horario_base` = `tipo_horario`.`id_tipo_horario`
LEFT JOIN `tipo_horario` AS `tipo_horario_excepcion` ON `tipo_horario_excepcion`.`id_tipo_horario` = `excepciones_horario`.`id_tipo_horario_excepcion`
INNER JOIN `franja_dias` ON `franja_dias`.`id_franja_horaria` = `franjas_horarias`.`id_franja_horaria`
WHERE (
    (tipo_horario.sin_fecha = 0 
     AND `tipo_horario`.`fecha_inicio` <= \'2026-01-22\' 
     AND `tipo_horario`.`fecha_fin` >= \'2026-01-22\')
    OR 
    (`tipo_horario`.`sin_fecha` = 1 
     AND `excepciones_horario`.`id_excepciones_horario` IS NOT NULL
     AND `tipo_horario_excepcion`.`fecha_inicio` <= \'2026-01-22\'
     AND tipo_horario_excepcion.fecha_fin >= \'2026-01-22\')
)
AND `pistas`.`id_pista` = 89
AND `franja_dias`.`dia_semana` = \'4\'', 0)
 2 SYSTEMPATH\Database\BaseConnection.php(693): CodeIgniter\Database\MySQLi\Connection->execute('SELECT DISTINCT `pistas`.*, `franjas_horarias`.`hora_inicio_manana`, `franjas_horarias`.`hora_fin_manana`, `franjas_horarias`.`hora_inicio_tarde`, `franjas_horarias`.`hora_fin_tarde`, `tipo_horario`.`sin_fecha`
FROM `pistas`
INNER JOIN `instalaciones` ON `instalaciones`.`id_instalacion` = `pistas`.`id_instalacion`
INNER JOIN `franjas_horarias` ON `franjas_horarias`.`id_instalacion` = `instalaciones`.`id_instalacion`
INNER JOIN `tipo_horario` ON `tipo_horario`.`id_tipo_horario` = `franjas_horarias`.`id_tipo_horario`
LEFT JOIN `excepciones_horario` ON \'2026-01-22\' BETWEEN `excepciones_horario`.`fecha_inicio` AND `excepciones_horario`.`fecha_fin` AND `excepciones_horario`.`id_tipo_horario_base` = `tipo_horario`.`id_tipo_horario`
LEFT JOIN `tipo_horario` AS `tipo_horario_excepcion` ON `tipo_horario_excepcion`.`id_tipo_horario` = `excepciones_horario`.`id_tipo_horario_excepcion`
INNER JOIN `franja_dias` ON `franja_dias`.`id_franja_horaria` = `franjas_horarias`.`id_franja_horaria`
WHERE (
    (tipo_horario.sin_fecha = 0 
     AND `tipo_horario`.`fecha_inicio` <= \'2026-01-22\' 
     AND `tipo_horario`.`fecha_fin` >= \'2026-01-22\')
    OR 
    (`tipo_horario`.`sin_fecha` = 1 
     AND `excepciones_horario`.`id_excepciones_horario` IS NOT NULL
     AND `tipo_horario_excepcion`.`fecha_inicio` <= \'2026-01-22\'
     AND tipo_horario_excepcion.fecha_fin >= \'2026-01-22\')
)
AND `pistas`.`id_pista` = 89
AND `franja_dias`.`dia_semana` = \'4\'')
 3 SYSTEMPATH\Database\BaseConnection.php(607): CodeIgniter\Database\BaseConnection->simpleQuery('SELECT DISTINCT `pistas`.*, `franjas_horarias`.`hora_inicio_manana`, `franjas_horarias`.`hora_fin_manana`, `franjas_horarias`.`hora_inicio_tarde`, `franjas_horarias`.`hora_fin_tarde`, `tipo_horario`.`sin_fecha`
FROM `pistas`
INNER JOIN `instalaciones` ON `instalaciones`.`id_instalacion` = `pistas`.`id_instalacion`
INNER JOIN `franjas_horarias` ON `franjas_horarias`.`id_instalacion` = `instalaciones`.`id_instalacion`
INNER JOIN `tipo_horario` ON `tipo_horario`.`id_tipo_horario` = `franjas_horarias`.`id_tipo_horario`
LEFT JOIN `excepciones_horario` ON \'2026-01-22\' BETWEEN `excepciones_horario`.`fecha_inicio` AND `excepciones_horario`.`fecha_fin` AND `excepciones_horario`.`id_tipo_horario_base` = `tipo_horario`.`id_tipo_horario`
LEFT JOIN `tipo_horario` AS `tipo_horario_excepcion` ON `tipo_horario_excepcion`.`id_tipo_horario` = `excepciones_horario`.`id_tipo_horario_excepcion`
INNER JOIN `franja_dias` ON `franja_dias`.`id_franja_horaria` = `franjas_horarias`.`id_franja_horaria`
WHERE (
    (tipo_horario.sin_fecha = 0 
     AND `tipo_horario`.`fecha_inicio` <= \'2026-01-22\' 
     AND `tipo_horario`.`fecha_fin` >= \'2026-01-22\')
    OR 
    (`tipo_horario`.`sin_fecha` = 1 
     AND `excepciones_horario`.`id_excepciones_horario` IS NOT NULL
     AND `tipo_horario_excepcion`.`fecha_inicio` <= \'2026-01-22\'
     AND tipo_horario_excepcion.fecha_fin >= \'2026-01-22\')
)
AND `pistas`.`id_pista` = 89
AND `franja_dias`.`dia_semana` = \'4\'')
 4 SYSTEMPATH\Database\BaseBuilder.php(1616): CodeIgniter\Database\BaseConnection->query('SELECT DISTINCT `pistas`.*, `franjas_horarias`.`hora_inicio_manana`, `franjas_horarias`.`hora_fin_manana`, `franjas_horarias`.`hora_inicio_tarde`, `franjas_horarias`.`hora_fin_tarde`, `tipo_horario`.`sin_fecha`
FROM `pistas`
INNER JOIN `instalaciones` ON `instalaciones`.`id_instalacion` = `pistas`.`id_instalacion`
INNER JOIN `franjas_horarias` ON `franjas_horarias`.`id_instalacion` = `instalaciones`.`id_instalacion`
INNER JOIN `tipo_horario` ON `tipo_horario`.`id_tipo_horario` = `franjas_horarias`.`id_tipo_horario`
LEFT JOIN `excepciones_horario` ON \'2026-01-22\' BETWEEN `excepciones_horario`.`fecha_inicio` AND `excepciones_horario`.`fecha_fin` AND `excepciones_horario`.`id_tipo_horario_base` = `tipo_horario`.`id_tipo_horario`
LEFT JOIN `tipo_horario` AS `tipo_horario_excepcion` ON `tipo_horario_excepcion`.`id_tipo_horario` = `excepciones_horario`.`id_tipo_horario_excepcion`
INNER JOIN `franja_dias` ON `franja_dias`.`id_franja_horaria` = `franjas_horarias`.`id_franja_horaria`
WHERE (
    (tipo_horario.sin_fecha = 0 
     AND `tipo_horario`.`fecha_inicio` <= \'2026-01-22\' 
     AND `tipo_horario`.`fecha_fin` >= \'2026-01-22\')
    OR 
    (`tipo_horario`.`sin_fecha` = 1 
     AND `excepciones_horario`.`id_excepciones_horario` IS NOT NULL
     AND `tipo_horario_excepcion`.`fecha_inicio` <= \'2026-01-22\'
     AND tipo_horario_excepcion.fecha_fin >= \'2026-01-22\')
)
AND `pistas`.`id_pista` = :pistas.id_pista:
AND `franja_dias`.`dia_semana` = :franja_dias.dia_semana:', [...], false)
 5 APPPATH\Models\reservasModel.php(106): CodeIgniter\Database\BaseBuilder->get()
 6 APPPATH\Controllers\Reservas.php(21): App\Models\reservasModel->getInfoPista(89, '2026-01-22')
 7 SYSTEMPATH\CodeIgniter.php(941): App\Controllers\Reservas->getInfoPistasReserva()
 8 SYSTEMPATH\CodeIgniter.php(502): CodeIgniter\CodeIgniter->runController(Object(App\Controllers\Reservas))
 9 SYSTEMPATH\CodeIgniter.php(361): CodeIgniter\CodeIgniter->handleRequest(null, Object(Config\Cache), false)
10 FCPATH\index.php(79): CodeIgniter\CodeIgniter->run()
ERROR - 2026-01-22 10:47:13 --> mysqli_sql_exception: Table 'reservalo2.franja_dias' doesn't exist in C:\Proyectos\reservalo2.0\system\Database\MySQLi\Connection.php:306
Stack trace:
#0 C:\Proyectos\reservalo2.0\system\Database\MySQLi\Connection.php(306): mysqli->query('SELECT DISTINCT...', 0)
#1 C:\Proyectos\reservalo2.0\system\Database\BaseConnection.php(693): CodeIgniter\Database\MySQLi\Connection->execute('SELECT DISTINCT...')
#2 C:\Proyectos\reservalo2.0\system\Database\BaseConnection.php(607): CodeIgniter\Database\BaseConnection->simpleQuery('SELECT DISTINCT...')
#3 C:\Proyectos\reservalo2.0\system\Database\BaseBuilder.php(1616): CodeIgniter\Database\BaseConnection->query('SELECT DISTINCT...', Array, false)
#4 C:\Proyectos\reservalo2.0\app\Models\reservasModel.php(106): CodeIgniter\Database\BaseBuilder->get()
#5 C:\Proyectos\reservalo2.0\app\Controllers\Reservas.php(21): App\Models\reservasModel->getInfoPista(89, '2026-01-22')
#6 C:\Proyectos\reservalo2.0\system\CodeIgniter.php(941): App\Controllers\Reservas->getInfoPistasReserva()
#7 C:\Proyectos\reservalo2.0\system\CodeIgniter.php(502): CodeIgniter\CodeIgniter->runController(Object(App\Controllers\Reservas))
#8 C:\Proyectos\reservalo2.0\system\CodeIgniter.php(361): CodeIgniter\CodeIgniter->handleRequest(NULL, Object(Config\Cache), false)
#9 C:\Proyectos\reservalo2.0\index.php(79): CodeIgniter\CodeIgniter->run()
#10 {main}
CRITICAL - 2026-01-22 10:47:27 --> CodeIgniter\Database\Exceptions\DatabaseException: Table 'reservalo2.franja_dias' doesn't exist
in SYSTEMPATH\Database\BaseConnection.php on line 647.
 1 SYSTEMPATH\Database\BaseBuilder.php(1616): CodeIgniter\Database\BaseConnection->query('SELECT DISTINCT `pistas`.*, `franjas_horarias`.`hora_inicio_manana`, `franjas_horarias`.`hora_fin_manana`, `franjas_horarias`.`hora_inicio_tarde`, `franjas_horarias`.`hora_fin_tarde`, `tipo_horario`.`sin_fecha`
FROM `pistas`
INNER JOIN `instalaciones` ON `instalaciones`.`id_instalacion` = `pistas`.`id_instalacion`
INNER JOIN `franjas_horarias` ON `franjas_horarias`.`id_instalacion` = `instalaciones`.`id_instalacion`
INNER JOIN `tipo_horario` ON `tipo_horario`.`id_tipo_horario` = `franjas_horarias`.`id_tipo_horario`
LEFT JOIN `excepciones_horario` ON \'2026-01-22\' BETWEEN `excepciones_horario`.`fecha_inicio` AND `excepciones_horario`.`fecha_fin` AND `excepciones_horario`.`id_tipo_horario_base` = `tipo_horario`.`id_tipo_horario`
LEFT JOIN `tipo_horario` AS `tipo_horario_excepcion` ON `tipo_horario_excepcion`.`id_tipo_horario` = `excepciones_horario`.`id_tipo_horario_excepcion`
INNER JOIN `franja_dias` ON `franja_dias`.`id_franja_horaria` = `franjas_horarias`.`id_franja_horaria`
WHERE (
    (tipo_horario.sin_fecha = 0 
     AND `tipo_horario`.`fecha_inicio` <= \'2026-01-22\' 
     AND `tipo_horario`.`fecha_fin` >= \'2026-01-22\')
    OR 
    (`tipo_horario`.`sin_fecha` = 1 
     AND `excepciones_horario`.`id_excepciones_horario` IS NOT NULL
     AND `tipo_horario_excepcion`.`fecha_inicio` <= \'2026-01-22\'
     AND tipo_horario_excepcion.fecha_fin >= \'2026-01-22\')
)
AND `pistas`.`id_pista` = :pistas.id_pista:
AND `franja_dias`.`dia_semana` = :franja_dias.dia_semana:', [...], false)
 2 APPPATH\Models\reservasModel.php(106): CodeIgniter\Database\BaseBuilder->get()
 3 APPPATH\Controllers\Reservas.php(21): App\Models\reservasModel->getInfoPista(89, '2026-01-22')
 4 SYSTEMPATH\CodeIgniter.php(941): App\Controllers\Reservas->getInfoPistasReserva()
 5 SYSTEMPATH\CodeIgniter.php(502): CodeIgniter\CodeIgniter->runController(Object(App\Controllers\Reservas))
 6 SYSTEMPATH\CodeIgniter.php(361): CodeIgniter\CodeIgniter->handleRequest(null, Object(Config\Cache), false)
 7 FCPATH\index.php(79): CodeIgniter\CodeIgniter->run()
CRITICAL - 2026-01-22 10:47:27 --> [Caused by] CodeIgniter\Database\Exceptions\DatabaseException: Table 'reservalo2.franja_dias' doesn't exist
in SYSTEMPATH\Database\MySQLi\Connection.php on line 311.
 1 SYSTEMPATH\Database\BaseConnection.php(693): CodeIgniter\Database\MySQLi\Connection->execute('SELECT DISTINCT `pistas`.*, `franjas_horarias`.`hora_inicio_manana`, `franjas_horarias`.`hora_fin_manana`, `franjas_horarias`.`hora_inicio_tarde`, `franjas_horarias`.`hora_fin_tarde`, `tipo_horario`.`sin_fecha`
FROM `pistas`
INNER JOIN `instalaciones` ON `instalaciones`.`id_instalacion` = `pistas`.`id_instalacion`
INNER JOIN `franjas_horarias` ON `franjas_horarias`.`id_instalacion` = `instalaciones`.`id_instalacion`
INNER JOIN `tipo_horario` ON `tipo_horario`.`id_tipo_horario` = `franjas_horarias`.`id_tipo_horario`
LEFT JOIN `excepciones_horario` ON \'2026-01-22\' BETWEEN `excepciones_horario`.`fecha_inicio` AND `excepciones_horario`.`fecha_fin` AND `excepciones_horario`.`id_tipo_horario_base` = `tipo_horario`.`id_tipo_horario`
LEFT JOIN `tipo_horario` AS `tipo_horario_excepcion` ON `tipo_horario_excepcion`.`id_tipo_horario` = `excepciones_horario`.`id_tipo_horario_excepcion`
INNER JOIN `franja_dias` ON `franja_dias`.`id_franja_horaria` = `franjas_horarias`.`id_franja_horaria`
WHERE (
    (tipo_horario.sin_fecha = 0 
     AND `tipo_horario`.`fecha_inicio` <= \'2026-01-22\' 
     AND `tipo_horario`.`fecha_fin` >= \'2026-01-22\')
    OR 
    (`tipo_horario`.`sin_fecha` = 1 
     AND `excepciones_horario`.`id_excepciones_horario` IS NOT NULL
     AND `tipo_horario_excepcion`.`fecha_inicio` <= \'2026-01-22\'
     AND tipo_horario_excepcion.fecha_fin >= \'2026-01-22\')
)
AND `pistas`.`id_pista` = 89
AND `franja_dias`.`dia_semana` = \'4\'')
 2 SYSTEMPATH\Database\BaseConnection.php(607): CodeIgniter\Database\BaseConnection->simpleQuery('SELECT DISTINCT `pistas`.*, `franjas_horarias`.`hora_inicio_manana`, `franjas_horarias`.`hora_fin_manana`, `franjas_horarias`.`hora_inicio_tarde`, `franjas_horarias`.`hora_fin_tarde`, `tipo_horario`.`sin_fecha`
FROM `pistas`
INNER JOIN `instalaciones` ON `instalaciones`.`id_instalacion` = `pistas`.`id_instalacion`
INNER JOIN `franjas_horarias` ON `franjas_horarias`.`id_instalacion` = `instalaciones`.`id_instalacion`
INNER JOIN `tipo_horario` ON `tipo_horario`.`id_tipo_horario` = `franjas_horarias`.`id_tipo_horario`
LEFT JOIN `excepciones_horario` ON \'2026-01-22\' BETWEEN `excepciones_horario`.`fecha_inicio` AND `excepciones_horario`.`fecha_fin` AND `excepciones_horario`.`id_tipo_horario_base` = `tipo_horario`.`id_tipo_horario`
LEFT JOIN `tipo_horario` AS `tipo_horario_excepcion` ON `tipo_horario_excepcion`.`id_tipo_horario` = `excepciones_horario`.`id_tipo_horario_excepcion`
INNER JOIN `franja_dias` ON `franja_dias`.`id_franja_horaria` = `franjas_horarias`.`id_franja_horaria`
WHERE (
    (tipo_horario.sin_fecha = 0 
     AND `tipo_horario`.`fecha_inicio` <= \'2026-01-22\' 
     AND `tipo_horario`.`fecha_fin` >= \'2026-01-22\')
    OR 
    (`tipo_horario`.`sin_fecha` = 1 
     AND `excepciones_horario`.`id_excepciones_horario` IS NOT NULL
     AND `tipo_horario_excepcion`.`fecha_inicio` <= \'2026-01-22\'
     AND tipo_horario_excepcion.fecha_fin >= \'2026-01-22\')
)
AND `pistas`.`id_pista` = 89
AND `franja_dias`.`dia_semana` = \'4\'')
 3 SYSTEMPATH\Database\BaseBuilder.php(1616): CodeIgniter\Database\BaseConnection->query('SELECT DISTINCT `pistas`.*, `franjas_horarias`.`hora_inicio_manana`, `franjas_horarias`.`hora_fin_manana`, `franjas_horarias`.`hora_inicio_tarde`, `franjas_horarias`.`hora_fin_tarde`, `tipo_horario`.`sin_fecha`
FROM `pistas`
INNER JOIN `instalaciones` ON `instalaciones`.`id_instalacion` = `pistas`.`id_instalacion`
INNER JOIN `franjas_horarias` ON `franjas_horarias`.`id_instalacion` = `instalaciones`.`id_instalacion`
INNER JOIN `tipo_horario` ON `tipo_horario`.`id_tipo_horario` = `franjas_horarias`.`id_tipo_horario`
LEFT JOIN `excepciones_horario` ON \'2026-01-22\' BETWEEN `excepciones_horario`.`fecha_inicio` AND `excepciones_horario`.`fecha_fin` AND `excepciones_horario`.`id_tipo_horario_base` = `tipo_horario`.`id_tipo_horario`
LEFT JOIN `tipo_horario` AS `tipo_horario_excepcion` ON `tipo_horario_excepcion`.`id_tipo_horario` = `excepciones_horario`.`id_tipo_horario_excepcion`
INNER JOIN `franja_dias` ON `franja_dias`.`id_franja_horaria` = `franjas_horarias`.`id_franja_horaria`
WHERE (
    (tipo_horario.sin_fecha = 0 
     AND `tipo_horario`.`fecha_inicio` <= \'2026-01-22\' 
     AND `tipo_horario`.`fecha_fin` >= \'2026-01-22\')
    OR 
    (`tipo_horario`.`sin_fecha` = 1 
     AND `excepciones_horario`.`id_excepciones_horario` IS NOT NULL
     AND `tipo_horario_excepcion`.`fecha_inicio` <= \'2026-01-22\'
     AND tipo_horario_excepcion.fecha_fin >= \'2026-01-22\')
)
AND `pistas`.`id_pista` = :pistas.id_pista:
AND `franja_dias`.`dia_semana` = :franja_dias.dia_semana:', [...], false)
 4 APPPATH\Models\reservasModel.php(106): CodeIgniter\Database\BaseBuilder->get()
 5 APPPATH\Controllers\Reservas.php(21): App\Models\reservasModel->getInfoPista(89, '2026-01-22')
 6 SYSTEMPATH\CodeIgniter.php(941): App\Controllers\Reservas->getInfoPistasReserva()
 7 SYSTEMPATH\CodeIgniter.php(502): CodeIgniter\CodeIgniter->runController(Object(App\Controllers\Reservas))
 8 SYSTEMPATH\CodeIgniter.php(361): CodeIgniter\CodeIgniter->handleRequest(null, Object(Config\Cache), false)
 9 FCPATH\index.php(79): CodeIgniter\CodeIgniter->run()
CRITICAL - 2026-01-22 10:47:27 --> [Caused by] mysqli_sql_exception: Table 'reservalo2.franja_dias' doesn't exist
in SYSTEMPATH\Database\MySQLi\Connection.php on line 306.
 1 SYSTEMPATH\Database\MySQLi\Connection.php(306): mysqli->query('SELECT DISTINCT `pistas`.*, `franjas_horarias`.`hora_inicio_manana`, `franjas_horarias`.`hora_fin_manana`, `franjas_horarias`.`hora_inicio_tarde`, `franjas_horarias`.`hora_fin_tarde`, `tipo_horario`.`sin_fecha`
FROM `pistas`
INNER JOIN `instalaciones` ON `instalaciones`.`id_instalacion` = `pistas`.`id_instalacion`
INNER JOIN `franjas_horarias` ON `franjas_horarias`.`id_instalacion` = `instalaciones`.`id_instalacion`
INNER JOIN `tipo_horario` ON `tipo_horario`.`id_tipo_horario` = `franjas_horarias`.`id_tipo_horario`
LEFT JOIN `excepciones_horario` ON \'2026-01-22\' BETWEEN `excepciones_horario`.`fecha_inicio` AND `excepciones_horario`.`fecha_fin` AND `excepciones_horario`.`id_tipo_horario_base` = `tipo_horario`.`id_tipo_horario`
LEFT JOIN `tipo_horario` AS `tipo_horario_excepcion` ON `tipo_horario_excepcion`.`id_tipo_horario` = `excepciones_horario`.`id_tipo_horario_excepcion`
INNER JOIN `franja_dias` ON `franja_dias`.`id_franja_horaria` = `franjas_horarias`.`id_franja_horaria`
WHERE (
    (tipo_horario.sin_fecha = 0 
     AND `tipo_horario`.`fecha_inicio` <= \'2026-01-22\' 
     AND `tipo_horario`.`fecha_fin` >= \'2026-01-22\')
    OR 
    (`tipo_horario`.`sin_fecha` = 1 
     AND `excepciones_horario`.`id_excepciones_horario` IS NOT NULL
     AND `tipo_horario_excepcion`.`fecha_inicio` <= \'2026-01-22\'
     AND tipo_horario_excepcion.fecha_fin >= \'2026-01-22\')
)
AND `pistas`.`id_pista` = 89
AND `franja_dias`.`dia_semana` = \'4\'', 0)
 2 SYSTEMPATH\Database\BaseConnection.php(693): CodeIgniter\Database\MySQLi\Connection->execute('SELECT DISTINCT `pistas`.*, `franjas_horarias`.`hora_inicio_manana`, `franjas_horarias`.`hora_fin_manana`, `franjas_horarias`.`hora_inicio_tarde`, `franjas_horarias`.`hora_fin_tarde`, `tipo_horario`.`sin_fecha`
FROM `pistas`
INNER JOIN `instalaciones` ON `instalaciones`.`id_instalacion` = `pistas`.`id_instalacion`
INNER JOIN `franjas_horarias` ON `franjas_horarias`.`id_instalacion` = `instalaciones`.`id_instalacion`
INNER JOIN `tipo_horario` ON `tipo_horario`.`id_tipo_horario` = `franjas_horarias`.`id_tipo_horario`
LEFT JOIN `excepciones_horario` ON \'2026-01-22\' BETWEEN `excepciones_horario`.`fecha_inicio` AND `excepciones_horario`.`fecha_fin` AND `excepciones_horario`.`id_tipo_horario_base` = `tipo_horario`.`id_tipo_horario`
LEFT JOIN `tipo_horario` AS `tipo_horario_excepcion` ON `tipo_horario_excepcion`.`id_tipo_horario` = `excepciones_horario`.`id_tipo_horario_excepcion`
INNER JOIN `franja_dias` ON `franja_dias`.`id_franja_horaria` = `franjas_horarias`.`id_franja_horaria`
WHERE (
    (tipo_horario.sin_fecha = 0 
     AND `tipo_horario`.`fecha_inicio` <= \'2026-01-22\' 
     AND `tipo_horario`.`fecha_fin` >= \'2026-01-22\')
    OR 
    (`tipo_horario`.`sin_fecha` = 1 
     AND `excepciones_horario`.`id_excepciones_horario` IS NOT NULL
     AND `tipo_horario_excepcion`.`fecha_inicio` <= \'2026-01-22\'
     AND tipo_horario_excepcion.fecha_fin >= \'2026-01-22\')
)
AND `pistas`.`id_pista` = 89
AND `franja_dias`.`dia_semana` = \'4\'')
 3 SYSTEMPATH\Database\BaseConnection.php(607): CodeIgniter\Database\BaseConnection->simpleQuery('SELECT DISTINCT `pistas`.*, `franjas_horarias`.`hora_inicio_manana`, `franjas_horarias`.`hora_fin_manana`, `franjas_horarias`.`hora_inicio_tarde`, `franjas_horarias`.`hora_fin_tarde`, `tipo_horario`.`sin_fecha`
FROM `pistas`
INNER JOIN `instalaciones` ON `instalaciones`.`id_instalacion` = `pistas`.`id_instalacion`
INNER JOIN `franjas_horarias` ON `franjas_horarias`.`id_instalacion` = `instalaciones`.`id_instalacion`
INNER JOIN `tipo_horario` ON `tipo_horario`.`id_tipo_horario` = `franjas_horarias`.`id_tipo_horario`
LEFT JOIN `excepciones_horario` ON \'2026-01-22\' BETWEEN `excepciones_horario`.`fecha_inicio` AND `excepciones_horario`.`fecha_fin` AND `excepciones_horario`.`id_tipo_horario_base` = `tipo_horario`.`id_tipo_horario`
LEFT JOIN `tipo_horario` AS `tipo_horario_excepcion` ON `tipo_horario_excepcion`.`id_tipo_horario` = `excepciones_horario`.`id_tipo_horario_excepcion`
INNER JOIN `franja_dias` ON `franja_dias`.`id_franja_horaria` = `franjas_horarias`.`id_franja_horaria`
WHERE (
    (tipo_horario.sin_fecha = 0 
     AND `tipo_horario`.`fecha_inicio` <= \'2026-01-22\' 
     AND `tipo_horario`.`fecha_fin` >= \'2026-01-22\')
    OR 
    (`tipo_horario`.`sin_fecha` = 1 
     AND `excepciones_horario`.`id_excepciones_horario` IS NOT NULL
     AND `tipo_horario_excepcion`.`fecha_inicio` <= \'2026-01-22\'
     AND tipo_horario_excepcion.fecha_fin >= \'2026-01-22\')
)
AND `pistas`.`id_pista` = 89
AND `franja_dias`.`dia_semana` = \'4\'')
 4 SYSTEMPATH\Database\BaseBuilder.php(1616): CodeIgniter\Database\BaseConnection->query('SELECT DISTINCT `pistas`.*, `franjas_horarias`.`hora_inicio_manana`, `franjas_horarias`.`hora_fin_manana`, `franjas_horarias`.`hora_inicio_tarde`, `franjas_horarias`.`hora_fin_tarde`, `tipo_horario`.`sin_fecha`
FROM `pistas`
INNER JOIN `instalaciones` ON `instalaciones`.`id_instalacion` = `pistas`.`id_instalacion`
INNER JOIN `franjas_horarias` ON `franjas_horarias`.`id_instalacion` = `instalaciones`.`id_instalacion`
INNER JOIN `tipo_horario` ON `tipo_horario`.`id_tipo_horario` = `franjas_horarias`.`id_tipo_horario`
LEFT JOIN `excepciones_horario` ON \'2026-01-22\' BETWEEN `excepciones_horario`.`fecha_inicio` AND `excepciones_horario`.`fecha_fin` AND `excepciones_horario`.`id_tipo_horario_base` = `tipo_horario`.`id_tipo_horario`
LEFT JOIN `tipo_horario` AS `tipo_horario_excepcion` ON `tipo_horario_excepcion`.`id_tipo_horario` = `excepciones_horario`.`id_tipo_horario_excepcion`
INNER JOIN `franja_dias` ON `franja_dias`.`id_franja_horaria` = `franjas_horarias`.`id_franja_horaria`
WHERE (
    (tipo_horario.sin_fecha = 0 
     AND `tipo_horario`.`fecha_inicio` <= \'2026-01-22\' 
     AND `tipo_horario`.`fecha_fin` >= \'2026-01-22\')
    OR 
    (`tipo_horario`.`sin_fecha` = 1 
     AND `excepciones_horario`.`id_excepciones_horario` IS NOT NULL
     AND `tipo_horario_excepcion`.`fecha_inicio` <= \'2026-01-22\'
     AND tipo_horario_excepcion.fecha_fin >= \'2026-01-22\')
)
AND `pistas`.`id_pista` = :pistas.id_pista:
AND `franja_dias`.`dia_semana` = :franja_dias.dia_semana:', [...], false)
 5 APPPATH\Models\reservasModel.php(106): CodeIgniter\Database\BaseBuilder->get()
 6 APPPATH\Controllers\Reservas.php(21): App\Models\reservasModel->getInfoPista(89, '2026-01-22')
 7 SYSTEMPATH\CodeIgniter.php(941): App\Controllers\Reservas->getInfoPistasReserva()
 8 SYSTEMPATH\CodeIgniter.php(502): CodeIgniter\CodeIgniter->runController(Object(App\Controllers\Reservas))
 9 SYSTEMPATH\CodeIgniter.php(361): CodeIgniter\CodeIgniter->handleRequest(null, Object(Config\Cache), false)
10 FCPATH\index.php(79): CodeIgniter\CodeIgniter->run()
INFO - 2026-01-22 10:48:06 --> Session: Class initialized using 'CodeIgniter\Session\Handlers\FileHandler' driver.
ERROR - 2026-01-22 10:48:16 --> mysqli_sql_exception: Table 'reservalo2.franja_dias' doesn't exist in C:\Proyectos\reservalo2.0\system\Database\MySQLi\Connection.php:306
Stack trace:
#0 C:\Proyectos\reservalo2.0\system\Database\MySQLi\Connection.php(306): mysqli->query('SELECT DISTINCT...', 0)
#1 C:\Proyectos\reservalo2.0\system\Database\BaseConnection.php(693): CodeIgniter\Database\MySQLi\Connection->execute('SELECT DISTINCT...')
#2 C:\Proyectos\reservalo2.0\system\Database\BaseConnection.php(607): CodeIgniter\Database\BaseConnection->simpleQuery('SELECT DISTINCT...')
#3 C:\Proyectos\reservalo2.0\system\Database\BaseBuilder.php(1616): CodeIgniter\Database\BaseConnection->query('SELECT DISTINCT...', Array, false)
#4 C:\Proyectos\reservalo2.0\app\Models\reservasModel.php(106): CodeIgniter\Database\BaseBuilder->get()
#5 C:\Proyectos\reservalo2.0\app\Controllers\Reservas.php(21): App\Models\reservasModel->getInfoPista(89, '2026-01-22')
#6 C:\Proyectos\reservalo2.0\system\CodeIgniter.php(941): App\Controllers\Reservas->getInfoPistasReserva()
#7 C:\Proyectos\reservalo2.0\system\CodeIgniter.php(502): CodeIgniter\CodeIgniter->runController(Object(App\Controllers\Reservas))
#8 C:\Proyectos\reservalo2.0\system\CodeIgniter.php(361): CodeIgniter\CodeIgniter->handleRequest(NULL, Object(Config\Cache), false)
#9 C:\Proyectos\reservalo2.0\index.php(79): CodeIgniter\CodeIgniter->run()
#10 {main}
CRITICAL - 2026-01-22 10:48:16 --> CodeIgniter\Database\Exceptions\DatabaseException: Table 'reservalo2.franja_dias' doesn't exist
in SYSTEMPATH\Database\BaseConnection.php on line 647.
 1 SYSTEMPATH\Database\BaseBuilder.php(1616): CodeIgniter\Database\BaseConnection->query('SELECT DISTINCT `pistas`.*, `franjas_horarias`.`hora_inicio_manana`, `franjas_horarias`.`hora_fin_manana`, `franjas_horarias`.`hora_inicio_tarde`, `franjas_horarias`.`hora_fin_tarde`, `tipo_horario`.`sin_fecha`
FROM `pistas`
INNER JOIN `instalaciones` ON `instalaciones`.`id_instalacion` = `pistas`.`id_instalacion`
INNER JOIN `franjas_horarias` ON `franjas_horarias`.`id_instalacion` = `instalaciones`.`id_instalacion`
INNER JOIN `tipo_horario` ON `tipo_horario`.`id_tipo_horario` = `franjas_horarias`.`id_tipo_horario`
LEFT JOIN `excepciones_horario` ON \'2026-01-22\' BETWEEN `excepciones_horario`.`fecha_inicio` AND `excepciones_horario`.`fecha_fin` AND `excepciones_horario`.`id_tipo_horario_base` = `tipo_horario`.`id_tipo_horario`
LEFT JOIN `tipo_horario` AS `tipo_horario_excepcion` ON `tipo_horario_excepcion`.`id_tipo_horario` = `excepciones_horario`.`id_tipo_horario_excepcion`
INNER JOIN `franja_dias` ON `franja_dias`.`id_franja_horaria` = `franjas_horarias`.`id_franja_horaria`
WHERE (
    (tipo_horario.sin_fecha = 0 
     AND `tipo_horario`.`fecha_inicio` <= \'2026-01-22\' 
     AND `tipo_horario`.`fecha_fin` >= \'2026-01-22\')
    OR 
    (`tipo_horario`.`sin_fecha` = 1 
     AND `excepciones_horario`.`id_excepciones_horario` IS NOT NULL
     AND `tipo_horario_excepcion`.`fecha_inicio` <= \'2026-01-22\'
     AND tipo_horario_excepcion.fecha_fin >= \'2026-01-22\')
)
AND `pistas`.`id_pista` = :pistas.id_pista:
AND `franjas_dias`.`dia_semana` = :franjas_dias.dia_semana:', [...], false)
 2 APPPATH\Models\reservasModel.php(106): CodeIgniter\Database\BaseBuilder->get()
 3 APPPATH\Controllers\Reservas.php(21): App\Models\reservasModel->getInfoPista(89, '2026-01-22')
 4 SYSTEMPATH\CodeIgniter.php(941): App\Controllers\Reservas->getInfoPistasReserva()
 5 SYSTEMPATH\CodeIgniter.php(502): CodeIgniter\CodeIgniter->runController(Object(App\Controllers\Reservas))
 6 SYSTEMPATH\CodeIgniter.php(361): CodeIgniter\CodeIgniter->handleRequest(null, Object(Config\Cache), false)
 7 FCPATH\index.php(79): CodeIgniter\CodeIgniter->run()
CRITICAL - 2026-01-22 10:48:16 --> [Caused by] CodeIgniter\Database\Exceptions\DatabaseException: Table 'reservalo2.franja_dias' doesn't exist
in SYSTEMPATH\Database\MySQLi\Connection.php on line 311.
 1 SYSTEMPATH\Database\BaseConnection.php(693): CodeIgniter\Database\MySQLi\Connection->execute('SELECT DISTINCT `pistas`.*, `franjas_horarias`.`hora_inicio_manana`, `franjas_horarias`.`hora_fin_manana`, `franjas_horarias`.`hora_inicio_tarde`, `franjas_horarias`.`hora_fin_tarde`, `tipo_horario`.`sin_fecha`
FROM `pistas`
INNER JOIN `instalaciones` ON `instalaciones`.`id_instalacion` = `pistas`.`id_instalacion`
INNER JOIN `franjas_horarias` ON `franjas_horarias`.`id_instalacion` = `instalaciones`.`id_instalacion`
INNER JOIN `tipo_horario` ON `tipo_horario`.`id_tipo_horario` = `franjas_horarias`.`id_tipo_horario`
LEFT JOIN `excepciones_horario` ON \'2026-01-22\' BETWEEN `excepciones_horario`.`fecha_inicio` AND `excepciones_horario`.`fecha_fin` AND `excepciones_horario`.`id_tipo_horario_base` = `tipo_horario`.`id_tipo_horario`
LEFT JOIN `tipo_horario` AS `tipo_horario_excepcion` ON `tipo_horario_excepcion`.`id_tipo_horario` = `excepciones_horario`.`id_tipo_horario_excepcion`
INNER JOIN `franja_dias` ON `franja_dias`.`id_franja_horaria` = `franjas_horarias`.`id_franja_horaria`
WHERE (
    (tipo_horario.sin_fecha = 0 
     AND `tipo_horario`.`fecha_inicio` <= \'2026-01-22\' 
     AND `tipo_horario`.`fecha_fin` >= \'2026-01-22\')
    OR 
    (`tipo_horario`.`sin_fecha` = 1 
     AND `excepciones_horario`.`id_excepciones_horario` IS NOT NULL
     AND `tipo_horario_excepcion`.`fecha_inicio` <= \'2026-01-22\'
     AND tipo_horario_excepcion.fecha_fin >= \'2026-01-22\')
)
AND `pistas`.`id_pista` = 89
AND `franjas_dias`.`dia_semana` = \'4\'')
 2 SYSTEMPATH\Database\BaseConnection.php(607): CodeIgniter\Database\BaseConnection->simpleQuery('SELECT DISTINCT `pistas`.*, `franjas_horarias`.`hora_inicio_manana`, `franjas_horarias`.`hora_fin_manana`, `franjas_horarias`.`hora_inicio_tarde`, `franjas_horarias`.`hora_fin_tarde`, `tipo_horario`.`sin_fecha`
FROM `pistas`
INNER JOIN `instalaciones` ON `instalaciones`.`id_instalacion` = `pistas`.`id_instalacion`
INNER JOIN `franjas_horarias` ON `franjas_horarias`.`id_instalacion` = `instalaciones`.`id_instalacion`
INNER JOIN `tipo_horario` ON `tipo_horario`.`id_tipo_horario` = `franjas_horarias`.`id_tipo_horario`
LEFT JOIN `excepciones_horario` ON \'2026-01-22\' BETWEEN `excepciones_horario`.`fecha_inicio` AND `excepciones_horario`.`fecha_fin` AND `excepciones_horario`.`id_tipo_horario_base` = `tipo_horario`.`id_tipo_horario`
LEFT JOIN `tipo_horario` AS `tipo_horario_excepcion` ON `tipo_horario_excepcion`.`id_tipo_horario` = `excepciones_horario`.`id_tipo_horario_excepcion`
INNER JOIN `franja_dias` ON `franja_dias`.`id_franja_horaria` = `franjas_horarias`.`id_franja_horaria`
WHERE (
    (tipo_horario.sin_fecha = 0 
     AND `tipo_horario`.`fecha_inicio` <= \'2026-01-22\' 
     AND `tipo_horario`.`fecha_fin` >= \'2026-01-22\')
    OR 
    (`tipo_horario`.`sin_fecha` = 1 
     AND `excepciones_horario`.`id_excepciones_horario` IS NOT NULL
     AND `tipo_horario_excepcion`.`fecha_inicio` <= \'2026-01-22\'
     AND tipo_horario_excepcion.fecha_fin >= \'2026-01-22\')
)
AND `pistas`.`id_pista` = 89
AND `franjas_dias`.`dia_semana` = \'4\'')
 3 SYSTEMPATH\Database\BaseBuilder.php(1616): CodeIgniter\Database\BaseConnection->query('SELECT DISTINCT `pistas`.*, `franjas_horarias`.`hora_inicio_manana`, `franjas_horarias`.`hora_fin_manana`, `franjas_horarias`.`hora_inicio_tarde`, `franjas_horarias`.`hora_fin_tarde`, `tipo_horario`.`sin_fecha`
FROM `pistas`
INNER JOIN `instalaciones` ON `instalaciones`.`id_instalacion` = `pistas`.`id_instalacion`
INNER JOIN `franjas_horarias` ON `franjas_horarias`.`id_instalacion` = `instalaciones`.`id_instalacion`
INNER JOIN `tipo_horario` ON `tipo_horario`.`id_tipo_horario` = `franjas_horarias`.`id_tipo_horario`
LEFT JOIN `excepciones_horario` ON \'2026-01-22\' BETWEEN `excepciones_horario`.`fecha_inicio` AND `excepciones_horario`.`fecha_fin` AND `excepciones_horario`.`id_tipo_horario_base` = `tipo_horario`.`id_tipo_horario`
LEFT JOIN `tipo_horario` AS `tipo_horario_excepcion` ON `tipo_horario_excepcion`.`id_tipo_horario` = `excepciones_horario`.`id_tipo_horario_excepcion`
INNER JOIN `franja_dias` ON `franja_dias`.`id_franja_horaria` = `franjas_horarias`.`id_franja_horaria`
WHERE (
    (tipo_horario.sin_fecha = 0 
     AND `tipo_horario`.`fecha_inicio` <= \'2026-01-22\' 
     AND `tipo_horario`.`fecha_fin` >= \'2026-01-22\')
    OR 
    (`tipo_horario`.`sin_fecha` = 1 
     AND `excepciones_horario`.`id_excepciones_horario` IS NOT NULL
     AND `tipo_horario_excepcion`.`fecha_inicio` <= \'2026-01-22\'
     AND tipo_horario_excepcion.fecha_fin >= \'2026-01-22\')
)
AND `pistas`.`id_pista` = :pistas.id_pista:
AND `franjas_dias`.`dia_semana` = :franjas_dias.dia_semana:', [...], false)
 4 APPPATH\Models\reservasModel.php(106): CodeIgniter\Database\BaseBuilder->get()
 5 APPPATH\Controllers\Reservas.php(21): App\Models\reservasModel->getInfoPista(89, '2026-01-22')
 6 SYSTEMPATH\CodeIgniter.php(941): App\Controllers\Reservas->getInfoPistasReserva()
 7 SYSTEMPATH\CodeIgniter.php(502): CodeIgniter\CodeIgniter->runController(Object(App\Controllers\Reservas))
 8 SYSTEMPATH\CodeIgniter.php(361): CodeIgniter\CodeIgniter->handleRequest(null, Object(Config\Cache), false)
 9 FCPATH\index.php(79): CodeIgniter\CodeIgniter->run()
CRITICAL - 2026-01-22 10:48:16 --> [Caused by] mysqli_sql_exception: Table 'reservalo2.franja_dias' doesn't exist
in SYSTEMPATH\Database\MySQLi\Connection.php on line 306.
 1 SYSTEMPATH\Database\MySQLi\Connection.php(306): mysqli->query('SELECT DISTINCT `pistas`.*, `franjas_horarias`.`hora_inicio_manana`, `franjas_horarias`.`hora_fin_manana`, `franjas_horarias`.`hora_inicio_tarde`, `franjas_horarias`.`hora_fin_tarde`, `tipo_horario`.`sin_fecha`
FROM `pistas`
INNER JOIN `instalaciones` ON `instalaciones`.`id_instalacion` = `pistas`.`id_instalacion`
INNER JOIN `franjas_horarias` ON `franjas_horarias`.`id_instalacion` = `instalaciones`.`id_instalacion`
INNER JOIN `tipo_horario` ON `tipo_horario`.`id_tipo_horario` = `franjas_horarias`.`id_tipo_horario`
LEFT JOIN `excepciones_horario` ON \'2026-01-22\' BETWEEN `excepciones_horario`.`fecha_inicio` AND `excepciones_horario`.`fecha_fin` AND `excepciones_horario`.`id_tipo_horario_base` = `tipo_horario`.`id_tipo_horario`
LEFT JOIN `tipo_horario` AS `tipo_horario_excepcion` ON `tipo_horario_excepcion`.`id_tipo_horario` = `excepciones_horario`.`id_tipo_horario_excepcion`
INNER JOIN `franja_dias` ON `franja_dias`.`id_franja_horaria` = `franjas_horarias`.`id_franja_horaria`
WHERE (
    (tipo_horario.sin_fecha = 0 
     AND `tipo_horario`.`fecha_inicio` <= \'2026-01-22\' 
     AND `tipo_horario`.`fecha_fin` >= \'2026-01-22\')
    OR 
    (`tipo_horario`.`sin_fecha` = 1 
     AND `excepciones_horario`.`id_excepciones_horario` IS NOT NULL
     AND `tipo_horario_excepcion`.`fecha_inicio` <= \'2026-01-22\'
     AND tipo_horario_excepcion.fecha_fin >= \'2026-01-22\')
)
AND `pistas`.`id_pista` = 89
AND `franjas_dias`.`dia_semana` = \'4\'', 0)
 2 SYSTEMPATH\Database\BaseConnection.php(693): CodeIgniter\Database\MySQLi\Connection->execute('SELECT DISTINCT `pistas`.*, `franjas_horarias`.`hora_inicio_manana`, `franjas_horarias`.`hora_fin_manana`, `franjas_horarias`.`hora_inicio_tarde`, `franjas_horarias`.`hora_fin_tarde`, `tipo_horario`.`sin_fecha`
FROM `pistas`
INNER JOIN `instalaciones` ON `instalaciones`.`id_instalacion` = `pistas`.`id_instalacion`
INNER JOIN `franjas_horarias` ON `franjas_horarias`.`id_instalacion` = `instalaciones`.`id_instalacion`
INNER JOIN `tipo_horario` ON `tipo_horario`.`id_tipo_horario` = `franjas_horarias`.`id_tipo_horario`
LEFT JOIN `excepciones_horario` ON \'2026-01-22\' BETWEEN `excepciones_horario`.`fecha_inicio` AND `excepciones_horario`.`fecha_fin` AND `excepciones_horario`.`id_tipo_horario_base` = `tipo_horario`.`id_tipo_horario`
LEFT JOIN `tipo_horario` AS `tipo_horario_excepcion` ON `tipo_horario_excepcion`.`id_tipo_horario` = `excepciones_horario`.`id_tipo_horario_excepcion`
INNER JOIN `franja_dias` ON `franja_dias`.`id_franja_horaria` = `franjas_horarias`.`id_franja_horaria`
WHERE (
    (tipo_horario.sin_fecha = 0 
     AND `tipo_horario`.`fecha_inicio` <= \'2026-01-22\' 
     AND `tipo_horario`.`fecha_fin` >= \'2026-01-22\')
    OR 
    (`tipo_horario`.`sin_fecha` = 1 
     AND `excepciones_horario`.`id_excepciones_horario` IS NOT NULL
     AND `tipo_horario_excepcion`.`fecha_inicio` <= \'2026-01-22\'
     AND tipo_horario_excepcion.fecha_fin >= \'2026-01-22\')
)
AND `pistas`.`id_pista` = 89
AND `franjas_dias`.`dia_semana` = \'4\'')
 3 SYSTEMPATH\Database\BaseConnection.php(607): CodeIgniter\Database\BaseConnection->simpleQuery('SELECT DISTINCT `pistas`.*, `franjas_horarias`.`hora_inicio_manana`, `franjas_horarias`.`hora_fin_manana`, `franjas_horarias`.`hora_inicio_tarde`, `franjas_horarias`.`hora_fin_tarde`, `tipo_horario`.`sin_fecha`
FROM `pistas`
INNER JOIN `instalaciones` ON `instalaciones`.`id_instalacion` = `pistas`.`id_instalacion`
INNER JOIN `franjas_horarias` ON `franjas_horarias`.`id_instalacion` = `instalaciones`.`id_instalacion`
INNER JOIN `tipo_horario` ON `tipo_horario`.`id_tipo_horario` = `franjas_horarias`.`id_tipo_horario`
LEFT JOIN `excepciones_horario` ON \'2026-01-22\' BETWEEN `excepciones_horario`.`fecha_inicio` AND `excepciones_horario`.`fecha_fin` AND `excepciones_horario`.`id_tipo_horario_base` = `tipo_horario`.`id_tipo_horario`
LEFT JOIN `tipo_horario` AS `tipo_horario_excepcion` ON `tipo_horario_excepcion`.`id_tipo_horario` = `excepciones_horario`.`id_tipo_horario_excepcion`
INNER JOIN `franja_dias` ON `franja_dias`.`id_franja_horaria` = `franjas_horarias`.`id_franja_horaria`
WHERE (
    (tipo_horario.sin_fecha = 0 
     AND `tipo_horario`.`fecha_inicio` <= \'2026-01-22\' 
     AND `tipo_horario`.`fecha_fin` >= \'2026-01-22\')
    OR 
    (`tipo_horario`.`sin_fecha` = 1 
     AND `excepciones_horario`.`id_excepciones_horario` IS NOT NULL
     AND `tipo_horario_excepcion`.`fecha_inicio` <= \'2026-01-22\'
     AND tipo_horario_excepcion.fecha_fin >= \'2026-01-22\')
)
AND `pistas`.`id_pista` = 89
AND `franjas_dias`.`dia_semana` = \'4\'')
 4 SYSTEMPATH\Database\BaseBuilder.php(1616): CodeIgniter\Database\BaseConnection->query('SELECT DISTINCT `pistas`.*, `franjas_horarias`.`hora_inicio_manana`, `franjas_horarias`.`hora_fin_manana`, `franjas_horarias`.`hora_inicio_tarde`, `franjas_horarias`.`hora_fin_tarde`, `tipo_horario`.`sin_fecha`
FROM `pistas`
INNER JOIN `instalaciones` ON `instalaciones`.`id_instalacion` = `pistas`.`id_instalacion`
INNER JOIN `franjas_horarias` ON `franjas_horarias`.`id_instalacion` = `instalaciones`.`id_instalacion`
INNER JOIN `tipo_horario` ON `tipo_horario`.`id_tipo_horario` = `franjas_horarias`.`id_tipo_horario`
LEFT JOIN `excepciones_horario` ON \'2026-01-22\' BETWEEN `excepciones_horario`.`fecha_inicio` AND `excepciones_horario`.`fecha_fin` AND `excepciones_horario`.`id_tipo_horario_base` = `tipo_horario`.`id_tipo_horario`
LEFT JOIN `tipo_horario` AS `tipo_horario_excepcion` ON `tipo_horario_excepcion`.`id_tipo_horario` = `excepciones_horario`.`id_tipo_horario_excepcion`
INNER JOIN `franja_dias` ON `franja_dias`.`id_franja_horaria` = `franjas_horarias`.`id_franja_horaria`
WHERE (
    (tipo_horario.sin_fecha = 0 
     AND `tipo_horario`.`fecha_inicio` <= \'2026-01-22\' 
     AND `tipo_horario`.`fecha_fin` >= \'2026-01-22\')
    OR 
    (`tipo_horario`.`sin_fecha` = 1 
     AND `excepciones_horario`.`id_excepciones_horario` IS NOT NULL
     AND `tipo_horario_excepcion`.`fecha_inicio` <= \'2026-01-22\'
     AND tipo_horario_excepcion.fecha_fin >= \'2026-01-22\')
)
AND `pistas`.`id_pista` = :pistas.id_pista:
AND `franjas_dias`.`dia_semana` = :franjas_dias.dia_semana:', [...], false)
 5 APPPATH\Models\reservasModel.php(106): CodeIgniter\Database\BaseBuilder->get()
 6 APPPATH\Controllers\Reservas.php(21): App\Models\reservasModel->getInfoPista(89, '2026-01-22')
 7 SYSTEMPATH\CodeIgniter.php(941): App\Controllers\Reservas->getInfoPistasReserva()
 8 SYSTEMPATH\CodeIgniter.php(502): CodeIgniter\CodeIgniter->runController(Object(App\Controllers\Reservas))
 9 SYSTEMPATH\CodeIgniter.php(361): CodeIgniter\CodeIgniter->handleRequest(null, Object(Config\Cache), false)
10 FCPATH\index.php(79): CodeIgniter\CodeIgniter->run()
ERROR - 2026-01-22 10:48:33 --> mysqli_sql_exception: Table 'reservalo2.franja_dias' doesn't exist in C:\Proyectos\reservalo2.0\system\Database\MySQLi\Connection.php:306
Stack trace:
#0 C:\Proyectos\reservalo2.0\system\Database\MySQLi\Connection.php(306): mysqli->query('SELECT DISTINCT...', 0)
#1 C:\Proyectos\reservalo2.0\system\Database\BaseConnection.php(693): CodeIgniter\Database\MySQLi\Connection->execute('SELECT DISTINCT...')
#2 C:\Proyectos\reservalo2.0\system\Database\BaseConnection.php(607): CodeIgniter\Database\BaseConnection->simpleQuery('SELECT DISTINCT...')
#3 C:\Proyectos\reservalo2.0\system\Database\BaseBuilder.php(1616): CodeIgniter\Database\BaseConnection->query('SELECT DISTINCT...', Array, false)
#4 C:\Proyectos\reservalo2.0\app\Models\reservasModel.php(106): CodeIgniter\Database\BaseBuilder->get()
#5 C:\Proyectos\reservalo2.0\app\Controllers\Reservas.php(21): App\Models\reservasModel->getInfoPista(89, '2026-01-22')
#6 C:\Proyectos\reservalo2.0\system\CodeIgniter.php(941): App\Controllers\Reservas->getInfoPistasReserva()
#7 C:\Proyectos\reservalo2.0\system\CodeIgniter.php(502): CodeIgniter\CodeIgniter->runController(Object(App\Controllers\Reservas))
#8 C:\Proyectos\reservalo2.0\system\CodeIgniter.php(361): CodeIgniter\CodeIgniter->handleRequest(NULL, Object(Config\Cache), false)
#9 C:\Proyectos\reservalo2.0\index.php(79): CodeIgniter\CodeIgniter->run()
#10 {main}
CRITICAL - 2026-01-22 10:48:45 --> CodeIgniter\Database\Exceptions\DatabaseException: Table 'reservalo2.franja_dias' doesn't exist
in SYSTEMPATH\Database\BaseConnection.php on line 647.
 1 SYSTEMPATH\Database\BaseBuilder.php(1616): CodeIgniter\Database\BaseConnection->query('SELECT DISTINCT `pistas`.*, `franjas_horarias`.`hora_inicio_manana`, `franjas_horarias`.`hora_fin_manana`, `franjas_horarias`.`hora_inicio_tarde`, `franjas_horarias`.`hora_fin_tarde`, `tipo_horario`.`sin_fecha`
FROM `pistas`
INNER JOIN `instalaciones` ON `instalaciones`.`id_instalacion` = `pistas`.`id_instalacion`
INNER JOIN `franjas_horarias` ON `franjas_horarias`.`id_instalacion` = `instalaciones`.`id_instalacion`
INNER JOIN `tipo_horario` ON `tipo_horario`.`id_tipo_horario` = `franjas_horarias`.`id_tipo_horario`
LEFT JOIN `excepciones_horario` ON \'2026-01-22\' BETWEEN `excepciones_horario`.`fecha_inicio` AND `excepciones_horario`.`fecha_fin` AND `excepciones_horario`.`id_tipo_horario_base` = `tipo_horario`.`id_tipo_horario`
LEFT JOIN `tipo_horario` AS `tipo_horario_excepcion` ON `tipo_horario_excepcion`.`id_tipo_horario` = `excepciones_horario`.`id_tipo_horario_excepcion`
INNER JOIN `franja_dias` ON `franja_dias`.`id_franja_horaria` = `franjas_horarias`.`id_franja_horaria`
WHERE (
    (tipo_horario.sin_fecha = 0 
     AND `tipo_horario`.`fecha_inicio` <= \'2026-01-22\' 
     AND `tipo_horario`.`fecha_fin` >= \'2026-01-22\')
    OR 
    (`tipo_horario`.`sin_fecha` = 1 
     AND `excepciones_horario`.`id_excepciones_horario` IS NOT NULL
     AND `tipo_horario_excepcion`.`fecha_inicio` <= \'2026-01-22\'
     AND tipo_horario_excepcion.fecha_fin >= \'2026-01-22\')
)
AND `pistas`.`id_pista` = :pistas.id_pista:
AND `franjas_dias`.`dia_semana` = :franjas_dias.dia_semana:', [...], false)
 2 APPPATH\Models\reservasModel.php(106): CodeIgniter\Database\BaseBuilder->get()
 3 APPPATH\Controllers\Reservas.php(21): App\Models\reservasModel->getInfoPista(89, '2026-01-22')
 4 SYSTEMPATH\CodeIgniter.php(941): App\Controllers\Reservas->getInfoPistasReserva()
 5 SYSTEMPATH\CodeIgniter.php(502): CodeIgniter\CodeIgniter->runController(Object(App\Controllers\Reservas))
 6 SYSTEMPATH\CodeIgniter.php(361): CodeIgniter\CodeIgniter->handleRequest(null, Object(Config\Cache), false)
 7 FCPATH\index.php(79): CodeIgniter\CodeIgniter->run()
CRITICAL - 2026-01-22 10:48:45 --> [Caused by] CodeIgniter\Database\Exceptions\DatabaseException: Table 'reservalo2.franja_dias' doesn't exist
in SYSTEMPATH\Database\MySQLi\Connection.php on line 311.
 1 SYSTEMPATH\Database\BaseConnection.php(693): CodeIgniter\Database\MySQLi\Connection->execute('SELECT DISTINCT `pistas`.*, `franjas_horarias`.`hora_inicio_manana`, `franjas_horarias`.`hora_fin_manana`, `franjas_horarias`.`hora_inicio_tarde`, `franjas_horarias`.`hora_fin_tarde`, `tipo_horario`.`sin_fecha`
FROM `pistas`
INNER JOIN `instalaciones` ON `instalaciones`.`id_instalacion` = `pistas`.`id_instalacion`
INNER JOIN `franjas_horarias` ON `franjas_horarias`.`id_instalacion` = `instalaciones`.`id_instalacion`
INNER JOIN `tipo_horario` ON `tipo_horario`.`id_tipo_horario` = `franjas_horarias`.`id_tipo_horario`
LEFT JOIN `excepciones_horario` ON \'2026-01-22\' BETWEEN `excepciones_horario`.`fecha_inicio` AND `excepciones_horario`.`fecha_fin` AND `excepciones_horario`.`id_tipo_horario_base` = `tipo_horario`.`id_tipo_horario`
LEFT JOIN `tipo_horario` AS `tipo_horario_excepcion` ON `tipo_horario_excepcion`.`id_tipo_horario` = `excepciones_horario`.`id_tipo_horario_excepcion`
INNER JOIN `franja_dias` ON `franja_dias`.`id_franja_horaria` = `franjas_horarias`.`id_franja_horaria`
WHERE (
    (tipo_horario.sin_fecha = 0 
     AND `tipo_horario`.`fecha_inicio` <= \'2026-01-22\' 
     AND `tipo_horario`.`fecha_fin` >= \'2026-01-22\')
    OR 
    (`tipo_horario`.`sin_fecha` = 1 
     AND `excepciones_horario`.`id_excepciones_horario` IS NOT NULL
     AND `tipo_horario_excepcion`.`fecha_inicio` <= \'2026-01-22\'
     AND tipo_horario_excepcion.fecha_fin >= \'2026-01-22\')
)
AND `pistas`.`id_pista` = 89
AND `franjas_dias`.`dia_semana` = \'4\'')
 2 SYSTEMPATH\Database\BaseConnection.php(607): CodeIgniter\Database\BaseConnection->simpleQuery('SELECT DISTINCT `pistas`.*, `franjas_horarias`.`hora_inicio_manana`, `franjas_horarias`.`hora_fin_manana`, `franjas_horarias`.`hora_inicio_tarde`, `franjas_horarias`.`hora_fin_tarde`, `tipo_horario`.`sin_fecha`
FROM `pistas`
INNER JOIN `instalaciones` ON `instalaciones`.`id_instalacion` = `pistas`.`id_instalacion`
INNER JOIN `franjas_horarias` ON `franjas_horarias`.`id_instalacion` = `instalaciones`.`id_instalacion`
INNER JOIN `tipo_horario` ON `tipo_horario`.`id_tipo_horario` = `franjas_horarias`.`id_tipo_horario`
LEFT JOIN `excepciones_horario` ON \'2026-01-22\' BETWEEN `excepciones_horario`.`fecha_inicio` AND `excepciones_horario`.`fecha_fin` AND `excepciones_horario`.`id_tipo_horario_base` = `tipo_horario`.`id_tipo_horario`
LEFT JOIN `tipo_horario` AS `tipo_horario_excepcion` ON `tipo_horario_excepcion`.`id_tipo_horario` = `excepciones_horario`.`id_tipo_horario_excepcion`
INNER JOIN `franja_dias` ON `franja_dias`.`id_franja_horaria` = `franjas_horarias`.`id_franja_horaria`
WHERE (
    (tipo_horario.sin_fecha = 0 
     AND `tipo_horario`.`fecha_inicio` <= \'2026-01-22\' 
     AND `tipo_horario`.`fecha_fin` >= \'2026-01-22\')
    OR 
    (`tipo_horario`.`sin_fecha` = 1 
     AND `excepciones_horario`.`id_excepciones_horario` IS NOT NULL
     AND `tipo_horario_excepcion`.`fecha_inicio` <= \'2026-01-22\'
     AND tipo_horario_excepcion.fecha_fin >= \'2026-01-22\')
)
AND `pistas`.`id_pista` = 89
AND `franjas_dias`.`dia_semana` = \'4\'')
 3 SYSTEMPATH\Database\BaseBuilder.php(1616): CodeIgniter\Database\BaseConnection->query('SELECT DISTINCT `pistas`.*, `franjas_horarias`.`hora_inicio_manana`, `franjas_horarias`.`hora_fin_manana`, `franjas_horarias`.`hora_inicio_tarde`, `franjas_horarias`.`hora_fin_tarde`, `tipo_horario`.`sin_fecha`
FROM `pistas`
INNER JOIN `instalaciones` ON `instalaciones`.`id_instalacion` = `pistas`.`id_instalacion`
INNER JOIN `franjas_horarias` ON `franjas_horarias`.`id_instalacion` = `instalaciones`.`id_instalacion`
INNER JOIN `tipo_horario` ON `tipo_horario`.`id_tipo_horario` = `franjas_horarias`.`id_tipo_horario`
LEFT JOIN `excepciones_horario` ON \'2026-01-22\' BETWEEN `excepciones_horario`.`fecha_inicio` AND `excepciones_horario`.`fecha_fin` AND `excepciones_horario`.`id_tipo_horario_base` = `tipo_horario`.`id_tipo_horario`
LEFT JOIN `tipo_horario` AS `tipo_horario_excepcion` ON `tipo_horario_excepcion`.`id_tipo_horario` = `excepciones_horario`.`id_tipo_horario_excepcion`
INNER JOIN `franja_dias` ON `franja_dias`.`id_franja_horaria` = `franjas_horarias`.`id_franja_horaria`
WHERE (
    (tipo_horario.sin_fecha = 0 
     AND `tipo_horario`.`fecha_inicio` <= \'2026-01-22\' 
     AND `tipo_horario`.`fecha_fin` >= \'2026-01-22\')
    OR 
    (`tipo_horario`.`sin_fecha` = 1 
     AND `excepciones_horario`.`id_excepciones_horario` IS NOT NULL
     AND `tipo_horario_excepcion`.`fecha_inicio` <= \'2026-01-22\'
     AND tipo_horario_excepcion.fecha_fin >= \'2026-01-22\')
)
AND `pistas`.`id_pista` = :pistas.id_pista:
AND `franjas_dias`.`dia_semana` = :franjas_dias.dia_semana:', [...], false)
 4 APPPATH\Models\reservasModel.php(106): CodeIgniter\Database\BaseBuilder->get()
 5 APPPATH\Controllers\Reservas.php(21): App\Models\reservasModel->getInfoPista(89, '2026-01-22')
 6 SYSTEMPATH\CodeIgniter.php(941): App\Controllers\Reservas->getInfoPistasReserva()
 7 SYSTEMPATH\CodeIgniter.php(502): CodeIgniter\CodeIgniter->runController(Object(App\Controllers\Reservas))
 8 SYSTEMPATH\CodeIgniter.php(361): CodeIgniter\CodeIgniter->handleRequest(null, Object(Config\Cache), false)
 9 FCPATH\index.php(79): CodeIgniter\CodeIgniter->run()
CRITICAL - 2026-01-22 10:48:45 --> [Caused by] mysqli_sql_exception: Table 'reservalo2.franja_dias' doesn't exist
in SYSTEMPATH\Database\MySQLi\Connection.php on line 306.
 1 SYSTEMPATH\Database\MySQLi\Connection.php(306): mysqli->query('SELECT DISTINCT `pistas`.*, `franjas_horarias`.`hora_inicio_manana`, `franjas_horarias`.`hora_fin_manana`, `franjas_horarias`.`hora_inicio_tarde`, `franjas_horarias`.`hora_fin_tarde`, `tipo_horario`.`sin_fecha`
FROM `pistas`
INNER JOIN `instalaciones` ON `instalaciones`.`id_instalacion` = `pistas`.`id_instalacion`
INNER JOIN `franjas_horarias` ON `franjas_horarias`.`id_instalacion` = `instalaciones`.`id_instalacion`
INNER JOIN `tipo_horario` ON `tipo_horario`.`id_tipo_horario` = `franjas_horarias`.`id_tipo_horario`
LEFT JOIN `excepciones_horario` ON \'2026-01-22\' BETWEEN `excepciones_horario`.`fecha_inicio` AND `excepciones_horario`.`fecha_fin` AND `excepciones_horario`.`id_tipo_horario_base` = `tipo_horario`.`id_tipo_horario`
LEFT JOIN `tipo_horario` AS `tipo_horario_excepcion` ON `tipo_horario_excepcion`.`id_tipo_horario` = `excepciones_horario`.`id_tipo_horario_excepcion`
INNER JOIN `franja_dias` ON `franja_dias`.`id_franja_horaria` = `franjas_horarias`.`id_franja_horaria`
WHERE (
    (tipo_horario.sin_fecha = 0 
     AND `tipo_horario`.`fecha_inicio` <= \'2026-01-22\' 
     AND `tipo_horario`.`fecha_fin` >= \'2026-01-22\')
    OR 
    (`tipo_horario`.`sin_fecha` = 1 
     AND `excepciones_horario`.`id_excepciones_horario` IS NOT NULL
     AND `tipo_horario_excepcion`.`fecha_inicio` <= \'2026-01-22\'
     AND tipo_horario_excepcion.fecha_fin >= \'2026-01-22\')
)
AND `pistas`.`id_pista` = 89
AND `franjas_dias`.`dia_semana` = \'4\'', 0)
 2 SYSTEMPATH\Database\BaseConnection.php(693): CodeIgniter\Database\MySQLi\Connection->execute('SELECT DISTINCT `pistas`.*, `franjas_horarias`.`hora_inicio_manana`, `franjas_horarias`.`hora_fin_manana`, `franjas_horarias`.`hora_inicio_tarde`, `franjas_horarias`.`hora_fin_tarde`, `tipo_horario`.`sin_fecha`
FROM `pistas`
INNER JOIN `instalaciones` ON `instalaciones`.`id_instalacion` = `pistas`.`id_instalacion`
INNER JOIN `franjas_horarias` ON `franjas_horarias`.`id_instalacion` = `instalaciones`.`id_instalacion`
INNER JOIN `tipo_horario` ON `tipo_horario`.`id_tipo_horario` = `franjas_horarias`.`id_tipo_horario`
LEFT JOIN `excepciones_horario` ON \'2026-01-22\' BETWEEN `excepciones_horario`.`fecha_inicio` AND `excepciones_horario`.`fecha_fin` AND `excepciones_horario`.`id_tipo_horario_base` = `tipo_horario`.`id_tipo_horario`
LEFT JOIN `tipo_horario` AS `tipo_horario_excepcion` ON `tipo_horario_excepcion`.`id_tipo_horario` = `excepciones_horario`.`id_tipo_horario_excepcion`
INNER JOIN `franja_dias` ON `franja_dias`.`id_franja_horaria` = `franjas_horarias`.`id_franja_horaria`
WHERE (
    (tipo_horario.sin_fecha = 0 
     AND `tipo_horario`.`fecha_inicio` <= \'2026-01-22\' 
     AND `tipo_horario`.`fecha_fin` >= \'2026-01-22\')
    OR 
    (`tipo_horario`.`sin_fecha` = 1 
     AND `excepciones_horario`.`id_excepciones_horario` IS NOT NULL
     AND `tipo_horario_excepcion`.`fecha_inicio` <= \'2026-01-22\'
     AND tipo_horario_excepcion.fecha_fin >= \'2026-01-22\')
)
AND `pistas`.`id_pista` = 89
AND `franjas_dias`.`dia_semana` = \'4\'')
 3 SYSTEMPATH\Database\BaseConnection.php(607): CodeIgniter\Database\BaseConnection->simpleQuery('SELECT DISTINCT `pistas`.*, `franjas_horarias`.`hora_inicio_manana`, `franjas_horarias`.`hora_fin_manana`, `franjas_horarias`.`hora_inicio_tarde`, `franjas_horarias`.`hora_fin_tarde`, `tipo_horario`.`sin_fecha`
FROM `pistas`
INNER JOIN `instalaciones` ON `instalaciones`.`id_instalacion` = `pistas`.`id_instalacion`
INNER JOIN `franjas_horarias` ON `franjas_horarias`.`id_instalacion` = `instalaciones`.`id_instalacion`
INNER JOIN `tipo_horario` ON `tipo_horario`.`id_tipo_horario` = `franjas_horarias`.`id_tipo_horario`
LEFT JOIN `excepciones_horario` ON \'2026-01-22\' BETWEEN `excepciones_horario`.`fecha_inicio` AND `excepciones_horario`.`fecha_fin` AND `excepciones_horario`.`id_tipo_horario_base` = `tipo_horario`.`id_tipo_horario`
LEFT JOIN `tipo_horario` AS `tipo_horario_excepcion` ON `tipo_horario_excepcion`.`id_tipo_horario` = `excepciones_horario`.`id_tipo_horario_excepcion`
INNER JOIN `franja_dias` ON `franja_dias`.`id_franja_horaria` = `franjas_horarias`.`id_franja_horaria`
WHERE (
    (tipo_horario.sin_fecha = 0 
     AND `tipo_horario`.`fecha_inicio` <= \'2026-01-22\' 
     AND `tipo_horario`.`fecha_fin` >= \'2026-01-22\')
    OR 
    (`tipo_horario`.`sin_fecha` = 1 
     AND `excepciones_horario`.`id_excepciones_horario` IS NOT NULL
     AND `tipo_horario_excepcion`.`fecha_inicio` <= \'2026-01-22\'
     AND tipo_horario_excepcion.fecha_fin >= \'2026-01-22\')
)
AND `pistas`.`id_pista` = 89
AND `franjas_dias`.`dia_semana` = \'4\'')
 4 SYSTEMPATH\Database\BaseBuilder.php(1616): CodeIgniter\Database\BaseConnection->query('SELECT DISTINCT `pistas`.*, `franjas_horarias`.`hora_inicio_manana`, `franjas_horarias`.`hora_fin_manana`, `franjas_horarias`.`hora_inicio_tarde`, `franjas_horarias`.`hora_fin_tarde`, `tipo_horario`.`sin_fecha`
FROM `pistas`
INNER JOIN `instalaciones` ON `instalaciones`.`id_instalacion` = `pistas`.`id_instalacion`
INNER JOIN `franjas_horarias` ON `franjas_horarias`.`id_instalacion` = `instalaciones`.`id_instalacion`
INNER JOIN `tipo_horario` ON `tipo_horario`.`id_tipo_horario` = `franjas_horarias`.`id_tipo_horario`
LEFT JOIN `excepciones_horario` ON \'2026-01-22\' BETWEEN `excepciones_horario`.`fecha_inicio` AND `excepciones_horario`.`fecha_fin` AND `excepciones_horario`.`id_tipo_horario_base` = `tipo_horario`.`id_tipo_horario`
LEFT JOIN `tipo_horario` AS `tipo_horario_excepcion` ON `tipo_horario_excepcion`.`id_tipo_horario` = `excepciones_horario`.`id_tipo_horario_excepcion`
INNER JOIN `franja_dias` ON `franja_dias`.`id_franja_horaria` = `franjas_horarias`.`id_franja_horaria`
WHERE (
    (tipo_horario.sin_fecha = 0 
     AND `tipo_horario`.`fecha_inicio` <= \'2026-01-22\' 
     AND `tipo_horario`.`fecha_fin` >= \'2026-01-22\')
    OR 
    (`tipo_horario`.`sin_fecha` = 1 
     AND `excepciones_horario`.`id_excepciones_horario` IS NOT NULL
     AND `tipo_horario_excepcion`.`fecha_inicio` <= \'2026-01-22\'
     AND tipo_horario_excepcion.fecha_fin >= \'2026-01-22\')
)
AND `pistas`.`id_pista` = :pistas.id_pista:
AND `franjas_dias`.`dia_semana` = :franjas_dias.dia_semana:', [...], false)
 5 APPPATH\Models\reservasModel.php(106): CodeIgniter\Database\BaseBuilder->get()
 6 APPPATH\Controllers\Reservas.php(21): App\Models\reservasModel->getInfoPista(89, '2026-01-22')
 7 SYSTEMPATH\CodeIgniter.php(941): App\Controllers\Reservas->getInfoPistasReserva()
 8 SYSTEMPATH\CodeIgniter.php(502): CodeIgniter\CodeIgniter->runController(Object(App\Controllers\Reservas))
 9 SYSTEMPATH\CodeIgniter.php(361): CodeIgniter\CodeIgniter->handleRequest(null, Object(Config\Cache), false)
10 FCPATH\index.php(79): CodeIgniter\CodeIgniter->run()
INFO - 2026-01-22 10:53:49 --> Session: Class initialized using 'CodeIgniter\Session\Handlers\FileHandler' driver.
ERROR - 2026-01-22 10:53:56 --> mysqli_sql_exception: Unknown column 'franjas_dias.dia_semana' in 'where clause' in C:\Proyectos\reservalo2.0\system\Database\MySQLi\Connection.php:306
Stack trace:
#0 C:\Proyectos\reservalo2.0\system\Database\MySQLi\Connection.php(306): mysqli->query('SELECT DISTINCT...', 0)
#1 C:\Proyectos\reservalo2.0\system\Database\BaseConnection.php(693): CodeIgniter\Database\MySQLi\Connection->execute('SELECT DISTINCT...')
#2 C:\Proyectos\reservalo2.0\system\Database\BaseConnection.php(607): CodeIgniter\Database\BaseConnection->simpleQuery('SELECT DISTINCT...')
#3 C:\Proyectos\reservalo2.0\system\Database\BaseBuilder.php(1616): CodeIgniter\Database\BaseConnection->query('SELECT DISTINCT...', Array, false)
#4 C:\Proyectos\reservalo2.0\app\Models\reservasModel.php(106): CodeIgniter\Database\BaseBuilder->get()
#5 C:\Proyectos\reservalo2.0\app\Controllers\Reservas.php(21): App\Models\reservasModel->getInfoPista(89, '2026-01-22')
#6 C:\Proyectos\reservalo2.0\system\CodeIgniter.php(941): App\Controllers\Reservas->getInfoPistasReserva()
#7 C:\Proyectos\reservalo2.0\system\CodeIgniter.php(502): CodeIgniter\CodeIgniter->runController(Object(App\Controllers\Reservas))
#8 C:\Proyectos\reservalo2.0\system\CodeIgniter.php(361): CodeIgniter\CodeIgniter->handleRequest(NULL, Object(Config\Cache), false)
#9 C:\Proyectos\reservalo2.0\index.php(79): CodeIgniter\CodeIgniter->run()
#10 {main}
CRITICAL - 2026-01-22 10:54:08 --> CodeIgniter\Database\Exceptions\DatabaseException: Unknown column 'franjas_dias.dia_semana' in 'where clause'
in SYSTEMPATH\Database\BaseConnection.php on line 647.
 1 SYSTEMPATH\Database\BaseBuilder.php(1616): CodeIgniter\Database\BaseConnection->query('SELECT DISTINCT `pistas`.*, `franjas_horarias`.`hora_inicio_manana`, `franjas_horarias`.`hora_fin_manana`, `franjas_horarias`.`hora_inicio_tarde`, `franjas_horarias`.`hora_fin_tarde`, `tipo_horario`.`sin_fecha`
FROM `pistas`
INNER JOIN `instalaciones` ON `instalaciones`.`id_instalacion` = `pistas`.`id_instalacion`
INNER JOIN `franjas_horarias` ON `franjas_horarias`.`id_instalacion` = `instalaciones`.`id_instalacion`
INNER JOIN `tipo_horario` ON `tipo_horario`.`id_tipo_horario` = `franjas_horarias`.`id_tipo_horario`
LEFT JOIN `excepciones_horario` ON \'2026-01-22\' BETWEEN `excepciones_horario`.`fecha_inicio` AND `excepciones_horario`.`fecha_fin` AND `excepciones_horario`.`id_tipo_horario_base` = `tipo_horario`.`id_tipo_horario`
LEFT JOIN `tipo_horario` AS `tipo_horario_excepcion` ON `tipo_horario_excepcion`.`id_tipo_horario` = `excepciones_horario`.`id_tipo_horario_excepcion`
INNER JOIN `franjas_dias` ON `franjas_dias`.`id_franja_horaria` = `franjas_horarias`.`id_franja_horaria`
WHERE (
    (tipo_horario.sin_fecha = 0 
     AND `tipo_horario`.`fecha_inicio` <= \'2026-01-22\' 
     AND `tipo_horario`.`fecha_fin` >= \'2026-01-22\')
    OR 
    (`tipo_horario`.`sin_fecha` = 1 
     AND `excepciones_horario`.`id_excepciones_horario` IS NOT NULL
     AND `tipo_horario_excepcion`.`fecha_inicio` <= \'2026-01-22\'
     AND tipo_horario_excepcion.fecha_fin >= \'2026-01-22\')
)
AND `pistas`.`id_pista` = :pistas.id_pista:
AND `franjas_dias`.`dia_semana` = :franjas_dias.dia_semana:', [...], false)
 2 APPPATH\Models\reservasModel.php(106): CodeIgniter\Database\BaseBuilder->get()
 3 APPPATH\Controllers\Reservas.php(21): App\Models\reservasModel->getInfoPista(89, '2026-01-22')
 4 SYSTEMPATH\CodeIgniter.php(941): App\Controllers\Reservas->getInfoPistasReserva()
 5 SYSTEMPATH\CodeIgniter.php(502): CodeIgniter\CodeIgniter->runController(Object(App\Controllers\Reservas))
 6 SYSTEMPATH\CodeIgniter.php(361): CodeIgniter\CodeIgniter->handleRequest(null, Object(Config\Cache), false)
 7 FCPATH\index.php(79): CodeIgniter\CodeIgniter->run()
CRITICAL - 2026-01-22 10:54:08 --> [Caused by] CodeIgniter\Database\Exceptions\DatabaseException: Unknown column 'franjas_dias.dia_semana' in 'where clause'
in SYSTEMPATH\Database\MySQLi\Connection.php on line 311.
 1 SYSTEMPATH\Database\BaseConnection.php(693): CodeIgniter\Database\MySQLi\Connection->execute('SELECT DISTINCT `pistas`.*, `franjas_horarias`.`hora_inicio_manana`, `franjas_horarias`.`hora_fin_manana`, `franjas_horarias`.`hora_inicio_tarde`, `franjas_horarias`.`hora_fin_tarde`, `tipo_horario`.`sin_fecha`
FROM `pistas`
INNER JOIN `instalaciones` ON `instalaciones`.`id_instalacion` = `pistas`.`id_instalacion`
INNER JOIN `franjas_horarias` ON `franjas_horarias`.`id_instalacion` = `instalaciones`.`id_instalacion`
INNER JOIN `tipo_horario` ON `tipo_horario`.`id_tipo_horario` = `franjas_horarias`.`id_tipo_horario`
LEFT JOIN `excepciones_horario` ON \'2026-01-22\' BETWEEN `excepciones_horario`.`fecha_inicio` AND `excepciones_horario`.`fecha_fin` AND `excepciones_horario`.`id_tipo_horario_base` = `tipo_horario`.`id_tipo_horario`
LEFT JOIN `tipo_horario` AS `tipo_horario_excepcion` ON `tipo_horario_excepcion`.`id_tipo_horario` = `excepciones_horario`.`id_tipo_horario_excepcion`
INNER JOIN `franjas_dias` ON `franjas_dias`.`id_franja_horaria` = `franjas_horarias`.`id_franja_horaria`
WHERE (
    (tipo_horario.sin_fecha = 0 
     AND `tipo_horario`.`fecha_inicio` <= \'2026-01-22\' 
     AND `tipo_horario`.`fecha_fin` >= \'2026-01-22\')
    OR 
    (`tipo_horario`.`sin_fecha` = 1 
     AND `excepciones_horario`.`id_excepciones_horario` IS NOT NULL
     AND `tipo_horario_excepcion`.`fecha_inicio` <= \'2026-01-22\'
     AND tipo_horario_excepcion.fecha_fin >= \'2026-01-22\')
)
AND `pistas`.`id_pista` = 89
AND `franjas_dias`.`dia_semana` = \'4\'')
 2 SYSTEMPATH\Database\BaseConnection.php(607): CodeIgniter\Database\BaseConnection->simpleQuery('SELECT DISTINCT `pistas`.*, `franjas_horarias`.`hora_inicio_manana`, `franjas_horarias`.`hora_fin_manana`, `franjas_horarias`.`hora_inicio_tarde`, `franjas_horarias`.`hora_fin_tarde`, `tipo_horario`.`sin_fecha`
FROM `pistas`
INNER JOIN `instalaciones` ON `instalaciones`.`id_instalacion` = `pistas`.`id_instalacion`
INNER JOIN `franjas_horarias` ON `franjas_horarias`.`id_instalacion` = `instalaciones`.`id_instalacion`
INNER JOIN `tipo_horario` ON `tipo_horario`.`id_tipo_horario` = `franjas_horarias`.`id_tipo_horario`
LEFT JOIN `excepciones_horario` ON \'2026-01-22\' BETWEEN `excepciones_horario`.`fecha_inicio` AND `excepciones_horario`.`fecha_fin` AND `excepciones_horario`.`id_tipo_horario_base` = `tipo_horario`.`id_tipo_horario`
LEFT JOIN `tipo_horario` AS `tipo_horario_excepcion` ON `tipo_horario_excepcion`.`id_tipo_horario` = `excepciones_horario`.`id_tipo_horario_excepcion`
INNER JOIN `franjas_dias` ON `franjas_dias`.`id_franja_horaria` = `franjas_horarias`.`id_franja_horaria`
WHERE (
    (tipo_horario.sin_fecha = 0 
     AND `tipo_horario`.`fecha_inicio` <= \'2026-01-22\' 
     AND `tipo_horario`.`fecha_fin` >= \'2026-01-22\')
    OR 
    (`tipo_horario`.`sin_fecha` = 1 
     AND `excepciones_horario`.`id_excepciones_horario` IS NOT NULL
     AND `tipo_horario_excepcion`.`fecha_inicio` <= \'2026-01-22\'
     AND tipo_horario_excepcion.fecha_fin >= \'2026-01-22\')
)
AND `pistas`.`id_pista` = 89
AND `franjas_dias`.`dia_semana` = \'4\'')
 3 SYSTEMPATH\Database\BaseBuilder.php(1616): CodeIgniter\Database\BaseConnection->query('SELECT DISTINCT `pistas`.*, `franjas_horarias`.`hora_inicio_manana`, `franjas_horarias`.`hora_fin_manana`, `franjas_horarias`.`hora_inicio_tarde`, `franjas_horarias`.`hora_fin_tarde`, `tipo_horario`.`sin_fecha`
FROM `pistas`
INNER JOIN `instalaciones` ON `instalaciones`.`id_instalacion` = `pistas`.`id_instalacion`
INNER JOIN `franjas_horarias` ON `franjas_horarias`.`id_instalacion` = `instalaciones`.`id_instalacion`
INNER JOIN `tipo_horario` ON `tipo_horario`.`id_tipo_horario` = `franjas_horarias`.`id_tipo_horario`
LEFT JOIN `excepciones_horario` ON \'2026-01-22\' BETWEEN `excepciones_horario`.`fecha_inicio` AND `excepciones_horario`.`fecha_fin` AND `excepciones_horario`.`id_tipo_horario_base` = `tipo_horario`.`id_tipo_horario`
LEFT JOIN `tipo_horario` AS `tipo_horario_excepcion` ON `tipo_horario_excepcion`.`id_tipo_horario` = `excepciones_horario`.`id_tipo_horario_excepcion`
INNER JOIN `franjas_dias` ON `franjas_dias`.`id_franja_horaria` = `franjas_horarias`.`id_franja_horaria`
WHERE (
    (tipo_horario.sin_fecha = 0 
     AND `tipo_horario`.`fecha_inicio` <= \'2026-01-22\' 
     AND `tipo_horario`.`fecha_fin` >= \'2026-01-22\')
    OR 
    (`tipo_horario`.`sin_fecha` = 1 
     AND `excepciones_horario`.`id_excepciones_horario` IS NOT NULL
     AND `tipo_horario_excepcion`.`fecha_inicio` <= \'2026-01-22\'
     AND tipo_horario_excepcion.fecha_fin >= \'2026-01-22\')
)
AND `pistas`.`id_pista` = :pistas.id_pista:
AND `franjas_dias`.`dia_semana` = :franjas_dias.dia_semana:', [...], false)
 4 APPPATH\Models\reservasModel.php(106): CodeIgniter\Database\BaseBuilder->get()
 5 APPPATH\Controllers\Reservas.php(21): App\Models\reservasModel->getInfoPista(89, '2026-01-22')
 6 SYSTEMPATH\CodeIgniter.php(941): App\Controllers\Reservas->getInfoPistasReserva()
 7 SYSTEMPATH\CodeIgniter.php(502): CodeIgniter\CodeIgniter->runController(Object(App\Controllers\Reservas))
 8 SYSTEMPATH\CodeIgniter.php(361): CodeIgniter\CodeIgniter->handleRequest(null, Object(Config\Cache), false)
 9 FCPATH\index.php(79): CodeIgniter\CodeIgniter->run()
CRITICAL - 2026-01-22 10:54:08 --> [Caused by] mysqli_sql_exception: Unknown column 'franjas_dias.dia_semana' in 'where clause'
in SYSTEMPATH\Database\MySQLi\Connection.php on line 306.
 1 SYSTEMPATH\Database\MySQLi\Connection.php(306): mysqli->query('SELECT DISTINCT `pistas`.*, `franjas_horarias`.`hora_inicio_manana`, `franjas_horarias`.`hora_fin_manana`, `franjas_horarias`.`hora_inicio_tarde`, `franjas_horarias`.`hora_fin_tarde`, `tipo_horario`.`sin_fecha`
FROM `pistas`
INNER JOIN `instalaciones` ON `instalaciones`.`id_instalacion` = `pistas`.`id_instalacion`
INNER JOIN `franjas_horarias` ON `franjas_horarias`.`id_instalacion` = `instalaciones`.`id_instalacion`
INNER JOIN `tipo_horario` ON `tipo_horario`.`id_tipo_horario` = `franjas_horarias`.`id_tipo_horario`
LEFT JOIN `excepciones_horario` ON \'2026-01-22\' BETWEEN `excepciones_horario`.`fecha_inicio` AND `excepciones_horario`.`fecha_fin` AND `excepciones_horario`.`id_tipo_horario_base` = `tipo_horario`.`id_tipo_horario`
LEFT JOIN `tipo_horario` AS `tipo_horario_excepcion` ON `tipo_horario_excepcion`.`id_tipo_horario` = `excepciones_horario`.`id_tipo_horario_excepcion`
INNER JOIN `franjas_dias` ON `franjas_dias`.`id_franja_horaria` = `franjas_horarias`.`id_franja_horaria`
WHERE (
    (tipo_horario.sin_fecha = 0 
     AND `tipo_horario`.`fecha_inicio` <= \'2026-01-22\' 
     AND `tipo_horario`.`fecha_fin` >= \'2026-01-22\')
    OR 
    (`tipo_horario`.`sin_fecha` = 1 
     AND `excepciones_horario`.`id_excepciones_horario` IS NOT NULL
     AND `tipo_horario_excepcion`.`fecha_inicio` <= \'2026-01-22\'
     AND tipo_horario_excepcion.fecha_fin >= \'2026-01-22\')
)
AND `pistas`.`id_pista` = 89
AND `franjas_dias`.`dia_semana` = \'4\'', 0)
 2 SYSTEMPATH\Database\BaseConnection.php(693): CodeIgniter\Database\MySQLi\Connection->execute('SELECT DISTINCT `pistas`.*, `franjas_horarias`.`hora_inicio_manana`, `franjas_horarias`.`hora_fin_manana`, `franjas_horarias`.`hora_inicio_tarde`, `franjas_horarias`.`hora_fin_tarde`, `tipo_horario`.`sin_fecha`
FROM `pistas`
INNER JOIN `instalaciones` ON `instalaciones`.`id_instalacion` = `pistas`.`id_instalacion`
INNER JOIN `franjas_horarias` ON `franjas_horarias`.`id_instalacion` = `instalaciones`.`id_instalacion`
INNER JOIN `tipo_horario` ON `tipo_horario`.`id_tipo_horario` = `franjas_horarias`.`id_tipo_horario`
LEFT JOIN `excepciones_horario` ON \'2026-01-22\' BETWEEN `excepciones_horario`.`fecha_inicio` AND `excepciones_horario`.`fecha_fin` AND `excepciones_horario`.`id_tipo_horario_base` = `tipo_horario`.`id_tipo_horario`
LEFT JOIN `tipo_horario` AS `tipo_horario_excepcion` ON `tipo_horario_excepcion`.`id_tipo_horario` = `excepciones_horario`.`id_tipo_horario_excepcion`
INNER JOIN `franjas_dias` ON `franjas_dias`.`id_franja_horaria` = `franjas_horarias`.`id_franja_horaria`
WHERE (
    (tipo_horario.sin_fecha = 0 
     AND `tipo_horario`.`fecha_inicio` <= \'2026-01-22\' 
     AND `tipo_horario`.`fecha_fin` >= \'2026-01-22\')
    OR 
    (`tipo_horario`.`sin_fecha` = 1 
     AND `excepciones_horario`.`id_excepciones_horario` IS NOT NULL
     AND `tipo_horario_excepcion`.`fecha_inicio` <= \'2026-01-22\'
     AND tipo_horario_excepcion.fecha_fin >= \'2026-01-22\')
)
AND `pistas`.`id_pista` = 89
AND `franjas_dias`.`dia_semana` = \'4\'')
 3 SYSTEMPATH\Database\BaseConnection.php(607): CodeIgniter\Database\BaseConnection->simpleQuery('SELECT DISTINCT `pistas`.*, `franjas_horarias`.`hora_inicio_manana`, `franjas_horarias`.`hora_fin_manana`, `franjas_horarias`.`hora_inicio_tarde`, `franjas_horarias`.`hora_fin_tarde`, `tipo_horario`.`sin_fecha`
FROM `pistas`
INNER JOIN `instalaciones` ON `instalaciones`.`id_instalacion` = `pistas`.`id_instalacion`
INNER JOIN `franjas_horarias` ON `franjas_horarias`.`id_instalacion` = `instalaciones`.`id_instalacion`
INNER JOIN `tipo_horario` ON `tipo_horario`.`id_tipo_horario` = `franjas_horarias`.`id_tipo_horario`
LEFT JOIN `excepciones_horario` ON \'2026-01-22\' BETWEEN `excepciones_horario`.`fecha_inicio` AND `excepciones_horario`.`fecha_fin` AND `excepciones_horario`.`id_tipo_horario_base` = `tipo_horario`.`id_tipo_horario`
LEFT JOIN `tipo_horario` AS `tipo_horario_excepcion` ON `tipo_horario_excepcion`.`id_tipo_horario` = `excepciones_horario`.`id_tipo_horario_excepcion`
INNER JOIN `franjas_dias` ON `franjas_dias`.`id_franja_horaria` = `franjas_horarias`.`id_franja_horaria`
WHERE (
    (tipo_horario.sin_fecha = 0 
     AND `tipo_horario`.`fecha_inicio` <= \'2026-01-22\' 
     AND `tipo_horario`.`fecha_fin` >= \'2026-01-22\')
    OR 
    (`tipo_horario`.`sin_fecha` = 1 
     AND `excepciones_horario`.`id_excepciones_horario` IS NOT NULL
     AND `tipo_horario_excepcion`.`fecha_inicio` <= \'2026-01-22\'
     AND tipo_horario_excepcion.fecha_fin >= \'2026-01-22\')
)
AND `pistas`.`id_pista` = 89
AND `franjas_dias`.`dia_semana` = \'4\'')
 4 SYSTEMPATH\Database\BaseBuilder.php(1616): CodeIgniter\Database\BaseConnection->query('SELECT DISTINCT `pistas`.*, `franjas_horarias`.`hora_inicio_manana`, `franjas_horarias`.`hora_fin_manana`, `franjas_horarias`.`hora_inicio_tarde`, `franjas_horarias`.`hora_fin_tarde`, `tipo_horario`.`sin_fecha`
FROM `pistas`
INNER JOIN `instalaciones` ON `instalaciones`.`id_instalacion` = `pistas`.`id_instalacion`
INNER JOIN `franjas_horarias` ON `franjas_horarias`.`id_instalacion` = `instalaciones`.`id_instalacion`
INNER JOIN `tipo_horario` ON `tipo_horario`.`id_tipo_horario` = `franjas_horarias`.`id_tipo_horario`
LEFT JOIN `excepciones_horario` ON \'2026-01-22\' BETWEEN `excepciones_horario`.`fecha_inicio` AND `excepciones_horario`.`fecha_fin` AND `excepciones_horario`.`id_tipo_horario_base` = `tipo_horario`.`id_tipo_horario`
LEFT JOIN `tipo_horario` AS `tipo_horario_excepcion` ON `tipo_horario_excepcion`.`id_tipo_horario` = `excepciones_horario`.`id_tipo_horario_excepcion`
INNER JOIN `franjas_dias` ON `franjas_dias`.`id_franja_horaria` = `franjas_horarias`.`id_franja_horaria`
WHERE (
    (tipo_horario.sin_fecha = 0 
     AND `tipo_horario`.`fecha_inicio` <= \'2026-01-22\' 
     AND `tipo_horario`.`fecha_fin` >= \'2026-01-22\')
    OR 
    (`tipo_horario`.`sin_fecha` = 1 
     AND `excepciones_horario`.`id_excepciones_horario` IS NOT NULL
     AND `tipo_horario_excepcion`.`fecha_inicio` <= \'2026-01-22\'
     AND tipo_horario_excepcion.fecha_fin >= \'2026-01-22\')
)
AND `pistas`.`id_pista` = :pistas.id_pista:
AND `franjas_dias`.`dia_semana` = :franjas_dias.dia_semana:', [...], false)
 5 APPPATH\Models\reservasModel.php(106): CodeIgniter\Database\BaseBuilder->get()
 6 APPPATH\Controllers\Reservas.php(21): App\Models\reservasModel->getInfoPista(89, '2026-01-22')
 7 SYSTEMPATH\CodeIgniter.php(941): App\Controllers\Reservas->getInfoPistasReserva()
 8 SYSTEMPATH\CodeIgniter.php(502): CodeIgniter\CodeIgniter->runController(Object(App\Controllers\Reservas))
 9 SYSTEMPATH\CodeIgniter.php(361): CodeIgniter\CodeIgniter->handleRequest(null, Object(Config\Cache), false)
10 FCPATH\index.php(79): CodeIgniter\CodeIgniter->run()
INFO - 2026-01-22 10:54:30 --> Session: Class initialized using 'CodeIgniter\Session\Handlers\FileHandler' driver.
INFO - 2026-01-22 11:05:12 --> Session: Class initialized using 'CodeIgniter\Session\Handlers\FileHandler' driver.
INFO - 2026-01-22 11:06:03 --> Session: Class initialized using 'CodeIgniter\Session\Handlers\FileHandler' driver.
INFO - 2026-01-22 11:33:46 --> Session: Class initialized using 'CodeIgniter\Session\Handlers\FileHandler' driver.
INFO - 2026-01-22 11:36:13 --> Session: Class initialized using 'CodeIgniter\Session\Handlers\FileHandler' driver.
INFO - 2026-01-22 11:36:53 --> Session: Class initialized using 'CodeIgniter\Session\Handlers\FileHandler' driver.
INFO - 2026-01-22 11:37:05 --> Session: Class initialized using 'CodeIgniter\Session\Handlers\FileHandler' driver.
INFO - 2026-01-22 11:37:17 --> Session: Class initialized using 'CodeIgniter\Session\Handlers\FileHandler' driver.
INFO - 2026-01-22 11:37:29 --> Session: Class initialized using 'CodeIgniter\Session\Handlers\FileHandler' driver.
INFO - 2026-01-22 11:37:38 --> Session: Class initialized using 'CodeIgniter\Session\Handlers\FileHandler' driver.
INFO - 2026-01-22 11:37:56 --> Session: Class initialized using 'CodeIgniter\Session\Handlers\FileHandler' driver.
INFO - 2026-01-22 11:38:09 --> Session: Class initialized using 'CodeIgniter\Session\Handlers\FileHandler' driver.
INFO - 2026-01-22 11:38:38 --> Session: Class initialized using 'CodeIgniter\Session\Handlers\FileHandler' driver.
INFO - 2026-01-22 11:39:57 --> Session: Class initialized using 'CodeIgniter\Session\Handlers\FileHandler' driver.
INFO - 2026-01-22 11:40:16 --> Session: Class initialized using 'CodeIgniter\Session\Handlers\FileHandler' driver.
INFO - 2026-01-22 11:40:28 --> Session: Class initialized using 'CodeIgniter\Session\Handlers\FileHandler' driver.
INFO - 2026-01-22 11:40:45 --> Session: Class initialized using 'CodeIgniter\Session\Handlers\FileHandler' driver.
INFO - 2026-01-22 11:40:58 --> Session: Class initialized using 'CodeIgniter\Session\Handlers\FileHandler' driver.
INFO - 2026-01-22 11:41:06 --> Session: Class initialized using 'CodeIgniter\Session\Handlers\FileHandler' driver.
INFO - 2026-01-22 11:42:15 --> Session: Class initialized using 'CodeIgniter\Session\Handlers\FileHandler' driver.
INFO - 2026-01-22 11:42:26 --> Session: Class initialized using 'CodeIgniter\Session\Handlers\FileHandler' driver.
INFO - 2026-01-22 11:45:09 --> Session: Class initialized using 'CodeIgniter\Session\Handlers\FileHandler' driver.
INFO - 2026-01-22 11:45:31 --> Session: Class initialized using 'CodeIgniter\Session\Handlers\FileHandler' driver.
INFO - 2026-01-22 11:45:47 --> Session: Class initialized using 'CodeIgniter\Session\Handlers\FileHandler' driver.
INFO - 2026-01-22 11:47:05 --> Session: Class initialized using 'CodeIgniter\Session\Handlers\FileHandler' driver.
INFO - 2026-01-22 11:47:08 --> Session: Class initialized using 'CodeIgniter\Session\Handlers\FileHandler' driver.
INFO - 2026-01-22 11:47:13 --> Session: Class initialized using 'CodeIgniter\Session\Handlers\FileHandler' driver.
INFO - 2026-01-22 11:47:32 --> Session: Class initialized using 'CodeIgniter\Session\Handlers\FileHandler' driver.
INFO - 2026-01-22 11:47:44 --> Session: Class initialized using 'CodeIgniter\Session\Handlers\FileHandler' driver.
INFO - 2026-01-22 11:47:53 --> Session: Class initialized using 'CodeIgniter\Session\Handlers\FileHandler' driver.
INFO - 2026-01-22 11:48:23 --> Session: Class initialized using 'CodeIgniter\Session\Handlers\FileHandler' driver.
INFO - 2026-01-22 11:49:06 --> Session: Class initialized using 'CodeIgniter\Session\Handlers\FileHandler' driver.
INFO - 2026-01-22 11:49:22 --> Session: Class initialized using 'CodeIgniter\Session\Handlers\FileHandler' driver.
INFO - 2026-01-22 11:49:54 --> Session: Class initialized using 'CodeIgniter\Session\Handlers\FileHandler' driver.
INFO - 2026-01-22 11:50:04 --> Session: Class initialized using 'CodeIgniter\Session\Handlers\FileHandler' driver.
INFO - 2026-01-22 11:50:14 --> Session: Class initialized using 'CodeIgniter\Session\Handlers\FileHandler' driver.
INFO - 2026-01-22 11:50:38 --> Session: Class initialized using 'CodeIgniter\Session\Handlers\FileHandler' driver.
INFO - 2026-01-22 11:51:43 --> Session: Class initialized using 'CodeIgniter\Session\Handlers\FileHandler' driver.
INFO - 2026-01-22 11:52:01 --> Session: Class initialized using 'CodeIgniter\Session\Handlers\FileHandler' driver.
INFO - 2026-01-22 11:52:17 --> Session: Class initialized using 'CodeIgniter\Session\Handlers\FileHandler' driver.
INFO - 2026-01-22 11:52:28 --> Session: Class initialized using 'CodeIgniter\Session\Handlers\FileHandler' driver.
INFO - 2026-01-22 11:52:51 --> Session: Class initialized using 'CodeIgniter\Session\Handlers\FileHandler' driver.
INFO - 2026-01-22 11:53:04 --> Session: Class initialized using 'CodeIgniter\Session\Handlers\FileHandler' driver.
INFO - 2026-01-22 11:53:31 --> Session: Class initialized using 'CodeIgniter\Session\Handlers\FileHandler' driver.
INFO - 2026-01-22 11:53:35 --> Session: Class initialized using 'CodeIgniter\Session\Handlers\FileHandler' driver.
INFO - 2026-01-22 11:53:47 --> Session: Class initialized using 'CodeIgniter\Session\Handlers\FileHandler' driver.
INFO - 2026-01-22 11:54:16 --> Session: Class initialized using 'CodeIgniter\Session\Handlers\FileHandler' driver.
INFO - 2026-01-22 11:55:59 --> Session: Class initialized using 'CodeIgniter\Session\Handlers\FileHandler' driver.
INFO - 2026-01-22 11:56:13 --> Session: Class initialized using 'CodeIgniter\Session\Handlers\FileHandler' driver.
INFO - 2026-01-22 11:56:25 --> Session: Class initialized using 'CodeIgniter\Session\Handlers\FileHandler' driver.
INFO - 2026-01-22 11:57:05 --> Session: Class initialized using 'CodeIgniter\Session\Handlers\FileHandler' driver.
INFO - 2026-01-22 11:58:10 --> Session: Class initialized using 'CodeIgniter\Session\Handlers\FileHandler' driver.
INFO - 2026-01-22 11:58:14 --> Session: Class initialized using 'CodeIgniter\Session\Handlers\FileHandler' driver.
INFO - 2026-01-22 11:58:45 --> Session: Class initialized using 'CodeIgniter\Session\Handlers\FileHandler' driver.
INFO - 2026-01-22 12:02:50 --> Session: Class initialized using 'CodeIgniter\Session\Handlers\FileHandler' driver.
INFO - 2026-01-22 12:04:49 --> Session: Class initialized using 'CodeIgniter\Session\Handlers\FileHandler' driver.
INFO - 2026-01-22 12:07:01 --> Session: Class initialized using 'CodeIgniter\Session\Handlers\FileHandler' driver.
INFO - 2026-01-22 12:09:05 --> Session: Class initialized using 'CodeIgniter\Session\Handlers\FileHandler' driver.
INFO - 2026-01-22 12:10:00 --> Session: Class initialized using 'CodeIgniter\Session\Handlers\FileHandler' driver.
INFO - 2026-01-22 12:10:52 --> Session: Class initialized using 'CodeIgniter\Session\Handlers\FileHandler' driver.
INFO - 2026-01-22 12:11:55 --> Session: Class initialized using 'CodeIgniter\Session\Handlers\FileHandler' driver.
INFO - 2026-01-22 12:12:46 --> Session: Class initialized using 'CodeIgniter\Session\Handlers\FileHandler' driver.
INFO - 2026-01-22 12:12:56 --> Session: Class initialized using 'CodeIgniter\Session\Handlers\FileHandler' driver.
INFO - 2026-01-22 12:13:07 --> Session: Class initialized using 'CodeIgniter\Session\Handlers\FileHandler' driver.
INFO - 2026-01-22 12:21:14 --> Session: Class initialized using 'CodeIgniter\Session\Handlers\FileHandler' driver.
CRITICAL - 2026-01-22 12:21:22 --> ErrorException: Undefined array key "fecha"
in APPPATH\Controllers\Reservas.php on line 18.
 1 APPPATH\Controllers\Reservas.php(18): CodeIgniter\Debug\Exceptions->errorHandler(2, 'Undefined array key "fecha"', 'C:\\Proyectos\\reservalo2.0\\app\\Controllers\\Reservas.php', 18)
 2 SYSTEMPATH\CodeIgniter.php(941): App\Controllers\Reservas->getInfoPistasReserva()
 3 SYSTEMPATH\CodeIgniter.php(502): CodeIgniter\CodeIgniter->runController(Object(App\Controllers\Reservas))
 4 SYSTEMPATH\CodeIgniter.php(361): CodeIgniter\CodeIgniter->handleRequest(null, Object(Config\Cache), false)
 5 FCPATH\index.php(79): CodeIgniter\CodeIgniter->run()
CRITICAL - 2026-01-22 12:21:23 --> ErrorException: Undefined array key "fecha"
in APPPATH\Controllers\Reservas.php on line 18.
 1 APPPATH\Controllers\Reservas.php(18): CodeIgniter\Debug\Exceptions->errorHandler(2, 'Undefined array key "fecha"', 'C:\\Proyectos\\reservalo2.0\\app\\Controllers\\Reservas.php', 18)
 2 SYSTEMPATH\CodeIgniter.php(941): App\Controllers\Reservas->getInfoPistasReserva()
 3 SYSTEMPATH\CodeIgniter.php(502): CodeIgniter\CodeIgniter->runController(Object(App\Controllers\Reservas))
 4 SYSTEMPATH\CodeIgniter.php(361): CodeIgniter\CodeIgniter->handleRequest(null, Object(Config\Cache), false)
 5 FCPATH\index.php(79): CodeIgniter\CodeIgniter->run()
CRITICAL - 2026-01-22 12:21:29 --> ErrorException: Undefined array key "fecha"
in APPPATH\Controllers\Reservas.php on line 18.
 1 APPPATH\Controllers\Reservas.php(18): CodeIgniter\Debug\Exceptions->errorHandler(2, 'Undefined array key "fecha"', 'C:\\Proyectos\\reservalo2.0\\app\\Controllers\\Reservas.php', 18)
 2 SYSTEMPATH\CodeIgniter.php(941): App\Controllers\Reservas->getInfoPistasReserva()
 3 SYSTEMPATH\CodeIgniter.php(502): CodeIgniter\CodeIgniter->runController(Object(App\Controllers\Reservas))
 4 SYSTEMPATH\CodeIgniter.php(361): CodeIgniter\CodeIgniter->handleRequest(null, Object(Config\Cache), false)
 5 FCPATH\index.php(79): CodeIgniter\CodeIgniter->run()
CRITICAL - 2026-01-22 12:21:31 --> ErrorException: Undefined array key "fecha"
in APPPATH\Controllers\Reservas.php on line 18.
 1 APPPATH\Controllers\Reservas.php(18): CodeIgniter\Debug\Exceptions->errorHandler(2, 'Undefined array key "fecha"', 'C:\\Proyectos\\reservalo2.0\\app\\Controllers\\Reservas.php', 18)
 2 SYSTEMPATH\CodeIgniter.php(941): App\Controllers\Reservas->getInfoPistasReserva()
 3 SYSTEMPATH\CodeIgniter.php(502): CodeIgniter\CodeIgniter->runController(Object(App\Controllers\Reservas))
 4 SYSTEMPATH\CodeIgniter.php(361): CodeIgniter\CodeIgniter->handleRequest(null, Object(Config\Cache), false)
 5 FCPATH\index.php(79): CodeIgniter\CodeIgniter->run()
CRITICAL - 2026-01-22 12:21:31 --> ErrorException: Undefined array key "fecha"
in APPPATH\Controllers\Reservas.php on line 18.
 1 APPPATH\Controllers\Reservas.php(18): CodeIgniter\Debug\Exceptions->errorHandler(2, 'Undefined array key "fecha"', 'C:\\Proyectos\\reservalo2.0\\app\\Controllers\\Reservas.php', 18)
 2 SYSTEMPATH\CodeIgniter.php(941): App\Controllers\Reservas->getInfoPistasReserva()
 3 SYSTEMPATH\CodeIgniter.php(502): CodeIgniter\CodeIgniter->runController(Object(App\Controllers\Reservas))
 4 SYSTEMPATH\CodeIgniter.php(361): CodeIgniter\CodeIgniter->handleRequest(null, Object(Config\Cache), false)
 5 FCPATH\index.php(79): CodeIgniter\CodeIgniter->run()
CRITICAL - 2026-01-22 12:21:32 --> ErrorException: Undefined array key "fecha"
in APPPATH\Controllers\Reservas.php on line 18.
 1 APPPATH\Controllers\Reservas.php(18): CodeIgniter\Debug\Exceptions->errorHandler(2, 'Undefined array key "fecha"', 'C:\\Proyectos\\reservalo2.0\\app\\Controllers\\Reservas.php', 18)
 2 SYSTEMPATH\CodeIgniter.php(941): App\Controllers\Reservas->getInfoPistasReserva()
 3 SYSTEMPATH\CodeIgniter.php(502): CodeIgniter\CodeIgniter->runController(Object(App\Controllers\Reservas))
 4 SYSTEMPATH\CodeIgniter.php(361): CodeIgniter\CodeIgniter->handleRequest(null, Object(Config\Cache), false)
 5 FCPATH\index.php(79): CodeIgniter\CodeIgniter->run()
CRITICAL - 2026-01-22 12:21:36 --> ErrorException: Undefined array key "fecha"
in APPPATH\Controllers\Reservas.php on line 18.
 1 APPPATH\Controllers\Reservas.php(18): CodeIgniter\Debug\Exceptions->errorHandler(2, 'Undefined array key "fecha"', 'C:\\Proyectos\\reservalo2.0\\app\\Controllers\\Reservas.php', 18)
 2 SYSTEMPATH\CodeIgniter.php(941): App\Controllers\Reservas->getInfoPistasReserva()
 3 SYSTEMPATH\CodeIgniter.php(502): CodeIgniter\CodeIgniter->runController(Object(App\Controllers\Reservas))
 4 SYSTEMPATH\CodeIgniter.php(361): CodeIgniter\CodeIgniter->handleRequest(null, Object(Config\Cache), false)
 5 FCPATH\index.php(79): CodeIgniter\CodeIgniter->run()
CRITICAL - 2026-01-22 12:21:38 --> ErrorException: Undefined array key "fecha"
in APPPATH\Controllers\Reservas.php on line 18.
 1 APPPATH\Controllers\Reservas.php(18): CodeIgniter\Debug\Exceptions->errorHandler(2, 'Undefined array key "fecha"', 'C:\\Proyectos\\reservalo2.0\\app\\Controllers\\Reservas.php', 18)
 2 SYSTEMPATH\CodeIgniter.php(941): App\Controllers\Reservas->getInfoPistasReserva()
 3 SYSTEMPATH\CodeIgniter.php(502): CodeIgniter\CodeIgniter->runController(Object(App\Controllers\Reservas))
 4 SYSTEMPATH\CodeIgniter.php(361): CodeIgniter\CodeIgniter->handleRequest(null, Object(Config\Cache), false)
 5 FCPATH\index.php(79): CodeIgniter\CodeIgniter->run()
INFO - 2026-01-22 12:24:19 --> Session: Class initialized using 'CodeIgniter\Session\Handlers\FileHandler' driver.
INFO - 2026-01-22 12:26:25 --> Session: Class initialized using 'CodeIgniter\Session\Handlers\FileHandler' driver.
INFO - 2026-01-22 12:28:31 --> Session: Class initialized using 'CodeIgniter\Session\Handlers\FileHandler' driver.
INFO - 2026-01-22 12:35:05 --> Session: Class initialized using 'CodeIgniter\Session\Handlers\FileHandler' driver.
INFO - 2026-01-22 12:39:30 --> Session: Class initialized using 'CodeIgniter\Session\Handlers\FileHandler' driver.
INFO - 2026-01-22 16:04:39 --> Session: Class initialized using 'CodeIgniter\Session\Handlers\FileHandler' driver.
INFO - 2026-01-22 16:06:04 --> Session: Class initialized using 'CodeIgniter\Session\Handlers\FileHandler' driver.
INFO - 2026-01-22 16:07:06 --> Session: Class initialized using 'CodeIgniter\Session\Handlers\FileHandler' driver.
INFO - 2026-01-22 16:07:16 --> Session: Class initialized using 'CodeIgniter\Session\Handlers\FileHandler' driver.
INFO - 2026-01-22 16:07:19 --> Session: Class initialized using 'CodeIgniter\Session\Handlers\FileHandler' driver.
INFO - 2026-01-22 16:08:08 --> Session: Class initialized using 'CodeIgniter\Session\Handlers\FileHandler' driver.
INFO - 2026-01-22 16:08:11 --> Session: Class initialized using 'CodeIgniter\Session\Handlers\FileHandler' driver.
INFO - 2026-01-22 16:08:26 --> Session: Class initialized using 'CodeIgniter\Session\Handlers\FileHandler' driver.
INFO - 2026-01-22 16:10:24 --> Session: Class initialized using 'CodeIgniter\Session\Handlers\FileHandler' driver.
INFO - 2026-01-22 16:11:21 --> Session: Class initialized using 'CodeIgniter\Session\Handlers\FileHandler' driver.
INFO - 2026-01-22 16:11:35 --> Session: Class initialized using 'CodeIgniter\Session\Handlers\FileHandler' driver.
INFO - 2026-01-22 16:11:58 --> Session: Class initialized using 'CodeIgniter\Session\Handlers\FileHandler' driver.
INFO - 2026-01-22 16:12:36 --> Session: Class initialized using 'CodeIgniter\Session\Handlers\FileHandler' driver.
INFO - 2026-01-22 16:17:32 --> Session: Class initialized using 'CodeIgniter\Session\Handlers\FileHandler' driver.
INFO - 2026-01-22 16:18:45 --> Session: Class initialized using 'CodeIgniter\Session\Handlers\FileHandler' driver.
INFO - 2026-01-22 16:19:03 --> Session: Class initialized using 'CodeIgniter\Session\Handlers\FileHandler' driver.
INFO - 2026-01-22 16:20:08 --> Session: Class initialized using 'CodeIgniter\Session\Handlers\FileHandler' driver.
CRITICAL - 2026-01-22 16:20:16 --> ErrorException: Undefined array key "fecha"
in APPPATH\Controllers\Reservas.php on line 54.
 1 APPPATH\Controllers\Reservas.php(54): CodeIgniter\Debug\Exceptions->errorHandler(2, 'Undefined array key "fecha"', 'C:\\Proyectos\\reservalo2.0\\app\\Controllers\\Reservas.php', 54)
 2 SYSTEMPATH\CodeIgniter.php(941): App\Controllers\Reservas->comprobarReservas()
 3 SYSTEMPATH\CodeIgniter.php(502): CodeIgniter\CodeIgniter->runController(Object(App\Controllers\Reservas))
 4 SYSTEMPATH\CodeIgniter.php(361): CodeIgniter\CodeIgniter->handleRequest(null, Object(Config\Cache), false)
 5 FCPATH\index.php(79): CodeIgniter\CodeIgniter->run()
INFO - 2026-01-22 16:20:42 --> Session: Class initialized using 'CodeIgniter\Session\Handlers\FileHandler' driver.
CRITICAL - 2026-01-22 16:20:49 --> ErrorException: Undefined array key "fecha"
in APPPATH\Controllers\Reservas.php on line 54.
 1 APPPATH\Controllers\Reservas.php(54): CodeIgniter\Debug\Exceptions->errorHandler(2, 'Undefined array key "fecha"', 'C:\\Proyectos\\reservalo2.0\\app\\Controllers\\Reservas.php', 54)
 2 SYSTEMPATH\CodeIgniter.php(941): App\Controllers\Reservas->comprobarReservas()
 3 SYSTEMPATH\CodeIgniter.php(502): CodeIgniter\CodeIgniter->runController(Object(App\Controllers\Reservas))
 4 SYSTEMPATH\CodeIgniter.php(361): CodeIgniter\CodeIgniter->handleRequest(null, Object(Config\Cache), false)
 5 FCPATH\index.php(79): CodeIgniter\CodeIgniter->run()
INFO - 2026-01-22 16:21:41 --> Session: Class initialized using 'CodeIgniter\Session\Handlers\FileHandler' driver.
CRITICAL - 2026-01-22 16:21:47 --> ErrorException: Undefined array key "fecha"
in APPPATH\Controllers\Reservas.php on line 54.
 1 APPPATH\Controllers\Reservas.php(54): CodeIgniter\Debug\Exceptions->errorHandler(2, 'Undefined array key "fecha"', 'C:\\Proyectos\\reservalo2.0\\app\\Controllers\\Reservas.php', 54)
 2 SYSTEMPATH\CodeIgniter.php(941): App\Controllers\Reservas->comprobarReservas()
 3 SYSTEMPATH\CodeIgniter.php(502): CodeIgniter\CodeIgniter->runController(Object(App\Controllers\Reservas))
 4 SYSTEMPATH\CodeIgniter.php(361): CodeIgniter\CodeIgniter->handleRequest(null, Object(Config\Cache), false)
 5 FCPATH\index.php(79): CodeIgniter\CodeIgniter->run()
CRITICAL - 2026-01-22 16:22:25 --> ErrorException: Undefined array key "fecha"
in APPPATH\Controllers\Reservas.php on line 54.
 1 APPPATH\Controllers\Reservas.php(54): CodeIgniter\Debug\Exceptions->errorHandler(2, 'Undefined array key "fecha"', 'C:\\Proyectos\\reservalo2.0\\app\\Controllers\\Reservas.php', 54)
 2 SYSTEMPATH\CodeIgniter.php(941): App\Controllers\Reservas->comprobarReservas()
 3 SYSTEMPATH\CodeIgniter.php(502): CodeIgniter\CodeIgniter->runController(Object(App\Controllers\Reservas))
 4 SYSTEMPATH\CodeIgniter.php(361): CodeIgniter\CodeIgniter->handleRequest(null, Object(Config\Cache), false)
 5 FCPATH\index.php(79): CodeIgniter\CodeIgniter->run()
INFO - 2026-01-22 16:23:42 --> Session: Class initialized using 'CodeIgniter\Session\Handlers\FileHandler' driver.
CRITICAL - 2026-01-22 16:23:43 --> ErrorException: Undefined array key "fecha"
in APPPATH\Controllers\Reservas.php on line 54.
 1 APPPATH\Controllers\Reservas.php(54): CodeIgniter\Debug\Exceptions->errorHandler(2, 'Undefined array key "fecha"', 'C:\\Proyectos\\reservalo2.0\\app\\Controllers\\Reservas.php', 54)
 2 SYSTEMPATH\CodeIgniter.php(941): App\Controllers\Reservas->comprobarReservas()
 3 SYSTEMPATH\CodeIgniter.php(502): CodeIgniter\CodeIgniter->runController(Object(App\Controllers\Reservas))
 4 SYSTEMPATH\CodeIgniter.php(361): CodeIgniter\CodeIgniter->handleRequest(null, Object(Config\Cache), false)
 5 FCPATH\index.php(79): CodeIgniter\CodeIgniter->run()
INFO - 2026-01-22 16:26:56 --> Session: Class initialized using 'CodeIgniter\Session\Handlers\FileHandler' driver.
INFO - 2026-01-22 16:28:50 --> Session: Class initialized using 'CodeIgniter\Session\Handlers\FileHandler' driver.
INFO - 2026-01-22 16:31:49 --> Session: Class initialized using 'CodeIgniter\Session\Handlers\FileHandler' driver.
INFO - 2026-01-22 16:31:49 --> Session: Class initialized using 'CodeIgniter\Session\Handlers\FileHandler' driver.
INFO - 2026-01-22 16:31:50 --> Session: Class initialized using 'CodeIgniter\Session\Handlers\FileHandler' driver.
INFO - 2026-01-22 16:33:48 --> Session: Class initialized using 'CodeIgniter\Session\Handlers\FileHandler' driver.
INFO - 2026-01-22 16:35:59 --> Session: Class initialized using 'CodeIgniter\Session\Handlers\FileHandler' driver.
INFO - 2026-01-22 16:37:23 --> Session: Class initialized using 'CodeIgniter\Session\Handlers\FileHandler' driver.
INFO - 2026-01-22 16:38:49 --> Session: Class initialized using 'CodeIgniter\Session\Handlers\FileHandler' driver.
INFO - 2026-01-22 16:40:11 --> Session: Class initialized using 'CodeIgniter\Session\Handlers\FileHandler' driver.
INFO - 2026-01-22 16:48:01 --> Session: Class initialized using 'CodeIgniter\Session\Handlers\FileHandler' driver.
INFO - 2026-01-22 16:49:35 --> Session: Class initialized using 'CodeIgniter\Session\Handlers\FileHandler' driver.
INFO - 2026-01-22 16:56:25 --> Session: Class initialized using 'CodeIgniter\Session\Handlers\FileHandler' driver.
INFO - 2026-01-22 16:57:08 --> Session: Class initialized using 'CodeIgniter\Session\Handlers\FileHandler' driver.
INFO - 2026-01-22 16:57:24 --> Session: Class initialized using 'CodeIgniter\Session\Handlers\FileHandler' driver.
INFO - 2026-01-22 16:58:13 --> Session: Class initialized using 'CodeIgniter\Session\Handlers\FileHandler' driver.
INFO - 2026-01-22 17:00:12 --> Session: Class initialized using 'CodeIgniter\Session\Handlers\FileHandler' driver.
INFO - 2026-01-22 17:01:03 --> Session: Class initialized using 'CodeIgniter\Session\Handlers\FileHandler' driver.
INFO - 2026-01-22 17:01:27 --> Session: Class initialized using 'CodeIgniter\Session\Handlers\FileHandler' driver.
INFO - 2026-01-22 17:07:05 --> Session: Class initialized using 'CodeIgniter\Session\Handlers\FileHandler' driver.
